zotuID,AF_T1_0,AF_T2_0,AF_T3_0,AF_T1_2,AF_T2_2,AF_T3_2,AF_T1_100,AF_T2_100,AF_T3_100,AF_T1_102,AF_T2_102,AF_T3_102,AF_T1_200,AF_T2_200,AF_T3_200,AF_T1_202,AF_T2_202,AF_T3_202,OW_T1_0,OW_T2_0,OW_T3_0,OW_T1_2,OW_T2_2,OW_T3_2,OW_T1_100,OW_T2_100,OW_T3_100,OW_T1_102,OW_T2_102,OW_T3_102,OW_T1_200,OW_T2_200,OW_T3_200,OW_T1_202,OW_T2_202,OW_T3_202,RL_T1_0,RL_T2_0,RL_T3_0,RL_T1_2,RL_T2_2,RL_T3_2,RL_T1_100,RL_T2_100,RL_T3_100,RL_T1_102,RL_T2_102,RL_T3_102,RL_T1_200,RL_T2_200,RL_T3_200,RL_T1_202,RL_T2_202,RL_T3_202,HV_T1_0,HV_T2_0,HV_T3_0,HV_T1_2,HV_T2_2,HV_T3_2,HV_T1_100,HV_T2_100,HV_T3_100,HV_T1_102,HV_T2_102,HV_T3_102,HV_T1_200,HV_T2_200,HV_T3_200,HV_T1_202,HV_T2_202,HV_T3_202
Zotu1,9,20,127,8,199,31,12705,6702,4413,4560,32,55,13608,27,186,9048,5447,3213,1565,8876,30182,20818,552,26491,29,358,198,506,572,185,6,22,1,240,56,0,47,212,9,68,21,28,18736,9881,20253,54,7460,2941,13962,1999,2291,2326,700,2776,6544,5786,4836,3297,6659,2939,7460,8959,566,2013,76,82,4601,2317,5777,5239,6689,5135
Zotu10,10,957,113,13,138,42,3253,3271,3068,2169,253,36,89,16,591,963,732,334,1383,46,318,1210,524,150,5557,6751,6602,1109,1058,6693,3,1,1,4,3,0,1,63,0,11,12,1,1396,20,522,4,2924,41,10,18,8,9,10,37,4494,6167,3867,2031,1742,1056,6,8,9,5,1,0,491,1,1291,3,7,1373
Zotu100,1,1,0,0,0,0,0,0,0,0,0,0,0,0,1,0,0,0,0,0,0,0,0,15,54,281,13,6,2,30,0,0,0,0,0,0,0,0,0,0,7,2,0,0,0,0,0,0,0,0,0,0,0,0,6,0,0,0,0,0,0,0,0,0,0,0,0,0,21,0,0,0
Zotu101,1,1,1,1,3,102,0,0,0,0,0,0,0,0,0,0,0,0,0,0,0,0,0,0,0,0,0,0,0,0,2,14,0,68,77,48,21,1,1,95,0,12,1,0,0,0,0,0,0,82,17,0,71,8,0,0,0,0,0,0,0,0,0,0,0,0,0,0,0,0,0,0
Zotu102,0,0,0,0,1,0,0,0,0,0,0,0,0,0,1,2,4,0,7,5,6,1,93,3,88,56,49,12,8,63,0,0,0,0,0,0,3,6,2,2,1,0,0,0,0,0,0,2,0,0,0,0,0,0,0,0,0,0,0,0,0,0,0,0,0,1,0,0,0,0,0,0
Zotu103,4793,22687,27850,7584,26658,21928,100,82,553,7536,7486,2879,119,7368,1541,154,13,143,21986,174,64,29,5903,119,202,47,71,12,39,76,383,6969,25,20899,10344,3471,10859,20636,13614,28011,19214,9506,60,74,23,7607,39,29001,3127,25419,29545,10827,28027,22041,44,95,91,31,42,14,213,93,14183,19922,5200,10750,19,0,12,33,16,4
Zotu104,17,75,87,43,77,81,1,0,0,21,19,2,0,15,7,0,0,1,70,0,0,0,25,0,2,0,0,0,0,0,1,32,0,65,44,12,34,54,32,89,45,22,0,1,0,16,0,87,7,98,104,48,81,70,0,0,0,0,0,0,0,0,48,75,9,25,1,0,0,0,0,0
Zotu105,0,0,0,0,0,2,0,0,0,0,0,1,0,0,0,0,35,0,9,2,0,0,69,0,33,117,37,4,4,129,0,0,0,0,0,0,9,15,5,6,14,3,0,0,0,0,0,1,0,1,0,0,1,0,1,0,0,0,0,0,0,0,0,0,0,0,0,0,0,0,0,0
Zotu106,0,0,0,0,2,2,0,2,2,0,0,0,0,0,3,0,0,1,2,3,0,0,46,0,11,3,1,0,0,4,0,0,0,0,1,0,30,64,26,140,195,28,2,0,8,2,1,0,0,9,2,1,1,1,0,0,0,0,0,0,2,2,0,7,4,0,0,0,0,0,0,0
Zotu107,5,4,18,3,37,13,26,12,59,0,4,2,0,2,6,2,0,0,1,14,0,0,1,0,16,0,1,0,2,2,0,0,0,0,0,0,15,24,26,42,129,43,2,1,6,7,13,2,4,22,3,0,13,3,1,0,0,0,5,1,2,0,4,21,1,1,0,0,0,2,0,0
Zotu108,0,0,3,3,1,92,0,1,0,0,0,0,0,0,0,0,0,0,0,0,0,0,0,0,0,0,0,0,0,0,4,29,0,49,66,37,11,0,1,89,0,11,0,0,0,0,0,0,0,69,12,1,55,10,0,0,0,0,0,0,0,0,0,0,0,0,0,0,0,0,0,0
Zotu109,3920,18534,22450,6271,21440,17356,82,68,407,6038,6221,2567,105,5847,1361,101,7,102,17153,138,40,18,4559,100,160,44,76,4,20,57,338,5589,37,16725,8077,2743,9156,16850,11141,22366,15542,8307,48,59,25,6105,41,23127,2445,20217,23736,8698,22294,18051,31,58,83,25,34,23,155,97,11406,16263,4107,8613,9,1,8,30,15,8
Zotu11,2,5,30,2,33,5,2342,1308,831,973,5,14,3094,6,42,2035,1203,639,282,1838,5772,4711,124,5294,7,66,37,100,101,34,2,4,0,54,13,0,7,34,3,18,0,8,3668,1784,3981,10,1653,545,2610,392,385,448,122,491,1262,1098,974,578,1275,556,1525,1912,111,433,17,11,974,512,1153,1101,1336,1150
Zotu110,9,2,15,4,25,9,15,9,38,0,1,0,0,1,3,1,0,1,0,10,0,0,0,0,10,2,0,1,1,2,0,0,0,0,0,0,11,19,18,39,98,30,2,4,4,10,12,10,2,15,3,0,8,0,1,0,0,0,5,1,3,0,3,13,1,1,0,0,1,2,0,0
Zotu111,0,12,0,0,1,0,51,42,48,41,0,0,3,0,10,14,12,6,26,1,4,14,9,1,62,83,103,11,12,90,0,0,0,1,0,0,0,2,0,0,0,0,11,0,9,0,56,0,0,0,0,0,0,0,56,79,55,27,27,15,0,0,0,0,0,0,4,0,16,0,0,25
Zotu112,12,4,18,0,30,12,32,12,64,0,0,0,0,0,9,46,0,14,3,1,0,0,38,0,1,0,0,0,0,0,0,0,0,1,4,0,12,13,21,39,78,52,2,0,10,9,16,8,4,27,8,1,1,3,3,0,0,0,0,1,2,0,0,2,3,0,0,0,0,0,0,0
Zotu113,0,0,0,0,4,1,0,3,2,0,0,0,0,0,1,6,0,8,3,2,3,3,23,0,20,6,2,3,0,5,0,0,0,0,1,0,31,49,12,117,235,15,0,1,0,0,5,2,0,5,2,1,0,0,0,0,0,0,1,0,3,1,1,6,0,0,0,3,0,0,0,0
Zotu114,6,0,0,0,2,3,1,4,6,0,0,0,0,0,0,0,0,0,0,0,0,0,66,0,27,33,0,0,0,11,0,0,0,0,1,0,27,43,10,114,227,22,1,0,0,1,0,0,1,5,2,0,6,0,0,0,0,0,0,0,0,0,0,0,0,0,0,0,0,0,0,0
Zotu115,0,0,0,0,0,0,0,0,0,0,0,0,0,0,1,0,0,0,0,0,0,0,0,12,29,257,6,5,1,20,0,0,0,0,0,0,0,0,1,0,10,1,0,0,0,0,0,0,0,0,0,0,0,0,5,0,0,0,0,0,0,0,0,0,0,0,0,0,16,0,0,0
Zotu116,0,0,0,0,0,0,0,0,0,0,0,0,0,0,0,0,9,0,4,1,5,0,77,5,65,64,31,11,3,48,0,0,0,0,0,0,2,3,2,0,0,1,0,0,0,0,0,0,0,1,0,0,0,0,0,0,0,0,0,0,1,0,0,1,0,0,0,0,0,0,0,1
Zotu117,0,0,2,3,2,63,0,0,0,0,0,0,0,0,0,0,0,0,1,0,0,0,0,0,0,0,0,0,0,0,2,22,0,46,55,25,13,1,0,65,1,7,0,0,0,0,0,0,0,50,6,0,43,7,0,0,0,0,0,0,0,0,0,1,0,0,0,0,0,0,0,0
Zotu118,1,0,0,0,7,87,0,0,0,0,0,0,0,0,0,0,0,0,1,0,1,0,0,0,0,0,0,0,0,0,0,7,0,48,58,36,10,1,1,86,0,12,0,0,0,0,0,0,0,52,8,1,45,5,0,0,0,0,0,0,0,0,1,0,0,0,0,0,0,0,0,0
Zotu119,4,1,14,1,24,6,29,11,43,0,0,0,0,3,4,34,0,5,2,1,0,0,30,0,5,0,0,0,0,1,0,0,0,0,2,0,8,15,11,22,56,29,0,0,6,4,5,1,3,15,6,0,8,1,2,0,0,0,0,0,1,0,0,2,0,1,0,0,1,0,0,0
Zotu12,8,728,66,11,102,21,2312,2069,2268,1683,175,30,94,17,423,753,566,255,1001,35,180,940,456,109,3692,4639,5223,859,665,4566,3,5,2,5,1,0,0,65,0,7,9,0,988,15,421,3,2412,12,10,9,8,6,3,32,3217,4330,2833,1438,1338,735,5,10,2,14,0,1,355,3,858,3,2,1080
Zotu120,6,47,48,21,41,34,1,0,0,16,16,4,0,10,1,1,0,1,32,1,0,0,14,0,0,0,1,0,1,0,1,14,0,32,27,7,22,37,21,61,26,21,0,1,0,14,0,44,5,52,63,18,55,36,0,0,0,0,0,0,2,0,31,36,12,21,0,0,0,0,0,0
Zotu121,0,0,0,0,0,1,0,0,0,0,0,0,0,0,1,0,22,0,3,3,0,0,49,0,28,106,20,4,6,115,0,0,0,0,0,0,7,14,3,1,7,3,0,0,0,0,0,2,0,1,0,0,0,0,0,0,0,0,0,0,0,0,0,0,0,0,1,0,0,0,0,0
Zotu122,0,0,1,5,0,57,0,0,0,0,0,0,0,0,0,0,0,0,2,0,0,0,0,0,0,0,0,0,0,0,0,22,0,47,51,67,3,0,2,48,0,6,0,0,0,0,0,0,0,51,11,1,48,4,0,0,0,0,0,0,0,0,0,0,0,0,0,0,0,0,0,0
Zotu123,0,0,4,2,2,58,0,0,0,0,0,0,0,1,0,0,0,0,1,0,0,0,0,0,0,0,0,0,0,0,0,12,0,33,35,14,5,1,1,62,0,10,0,0,0,0,0,0,0,46,9,1,72,8,0,0,0,0,0,0,0,0,0,0,0,0,0,0,0,0,0,0
Zotu124,18200,1550,9303,4498,17736,12655,286,5347,2602,2782,2787,1488,13,10851,13917,46,10,32620,14692,290,33,38,24609,70,137,37,60,10,11,107,33,964,26,8326,10456,2001,11249,10223,3876,6958,1717,6090,20,257,52,18349,123,869,118,1812,2250,23,677,61,34,34,4987,6354,10821,6287,17275,5780,10653,8520,3174,480,2,0,4,26,15,13
Zotu125,0,0,0,1,4,1,2,1,3,0,0,1,0,0,1,2,1,5,2,0,1,3,24,0,11,6,3,0,0,2,0,0,0,0,1,0,23,35,7,92,202,7,0,2,1,1,11,4,0,6,0,0,0,2,0,0,0,0,0,0,0,0,0,2,0,0,0,0,0,0,0,0
Zotu126,0,12,1,1,2,0,30,22,37,22,2,1,0,0,5,7,9,1,10,1,1,12,2,2,61,66,84,16,4,57,0,0,0,0,0,0,0,1,0,0,1,0,17,1,3,0,32,0,0,0,0,0,0,0,46,55,31,24,23,5,0,0,0,0,0,0,9,0,8,1,0,13
Zotu127,0,0,2,3,4,65,0,0,0,0,0,0,0,0,0,0,0,0,0,0,0,0,0,0,0,0,0,0,0,0,0,19,0,53,63,67,7,1,1,63,0,8,0,0,0,0,0,0,1,41,8,1,42,6,0,0,0,0,0,0,0,0,0,0,0,0,0,0,0,0,0,0
Zotu128,0,1,0,0,7,0,130,76,47,60,0,1,162,0,3,103,66,39,24,94,342,262,7,291,0,8,3,8,7,4,0,0,0,1,1,0,0,4,1,0,0,0,214,111,237,1,88,39,153,21,24,30,7,30,66,56,56,44,53,22,79,111,8,26,2,0,48,23,69,57,69,61
Zotu129,0,0,0,0,0,1,1,1,3,0,0,3,0,7,33,36,160,52,0,0,0,0,0,0,1,0,0,0,0,0,0,0,0,0,0,0,0,3,0,0,0,0,0,2,7,0,0,0,0,0,0,0,0,0,0,0,0,0,0,0,0,0,0,0,0,0,0,0,0,0,0,0
Zotu13,1,2,18,1,37,5,1896,1055,656,755,3,12,2522,5,23,1582,932,509,235,1500,4656,3849,106,4277,8,46,44,70,76,41,1,9,1,37,11,0,6,34,1,8,2,3,2967,1527,3322,13,1336,478,2133,303,332,335,111,418,983,914,792,521,1028,475,1232,1607,95,330,11,6,824,425,894,911,1097,905
Zotu130,1,0,4,2,2,64,0,0,0,0,0,0,0,0,0,0,0,0,0,0,0,0,0,0,0,0,0,0,0,0,0,7,0,32,29,19,10,1,1,57,0,5,0,0,0,0,0,0,0,43,6,0,36,6,0,0,0,0,0,0,0,0,0,0,0,0,0,0,0,0,0,0
Zotu131,0,0,0,0,0,0,0,1,4,0,0,1,3,5,21,28,132,32,0,0,0,0,0,0,1,1,0,0,0,0,0,0,0,0,0,0,0,5,0,0,0,0,0,1,3,0,0,0,0,0,0,0,0,0,0,0,0,0,0,0,0,0,0,0,0,0,0,0,0,0,0,0
Zotu132,0,0,3,1,6,49,0,0,0,0,0,0,0,0,0,0,0,0,2,0,0,0,0,0,0,0,0,0,0,0,1,9,0,26,26,10,6,2,0,48,0,2,0,0,0,0,0,0,0,37,6,0,32,9,0,0,0,0,0,0,0,0,0,0,0,0,0,0,0,0,0,0
Zotu133,0,0,0,0,0,0,0,0,0,0,0,0,0,0,0,0,0,3,2,0,0,0,0,0,31,90,20,5,3,52,0,0,0,0,0,0,0,0,0,0,0,1,0,0,1,0,0,0,0,0,0,0,0,0,0,13,0,0,0,8,0,0,0,0,0,0,0,0,0,0,0,0
Zotu134,0,0,1,6,7,39,0,0,0,0,1,0,0,0,0,0,0,0,0,0,0,0,0,0,0,0,0,0,0,0,0,4,0,21,25,19,7,0,0,37,0,6,0,0,0,0,0,0,0,38,7,0,42,9,0,0,0,0,0,0,0,0,0,0,0,0,0,0,0,0,0,0
Zotu135,4,1,12,3,19,4,18,7,35,0,0,0,0,0,7,31,0,9,2,1,0,0,24,0,1,0,0,0,0,0,0,0,0,1,4,0,9,14,10,19,54,31,0,4,4,1,10,3,0,10,3,0,3,0,0,0,0,0,0,0,0,0,0,2,0,0,0,0,0,1,0,0
Zotu136,3,0,0,1,0,2,3,3,6,0,0,0,0,0,0,0,0,0,0,0,0,0,44,0,12,13,0,0,0,7,0,0,0,0,0,0,17,20,10,79,168,27,2,0,0,0,0,2,0,5,1,0,4,0,0,0,0,0,0,0,0,0,0,0,0,0,0,0,0,0,0,0
Zotu137,14381,1323,7452,3491,14078,10496,209,4143,2041,2227,2191,1179,10,8901,11135,22,9,25551,11572,268,36,20,19797,79,103,29,42,3,7,96,35,818,17,6475,8231,1554,9083,8298,3212,5612,1306,4857,19,228,41,14677,96,712,94,1365,1829,13,541,59,25,31,4140,4998,8771,5155,13995,4642,8670,6778,2546,370,0,1,2,29,4,4
Zotu138,2,0,6,2,15,6,15,7,26,0,0,0,0,0,6,28,0,6,0,0,0,0,15,0,2,0,0,0,0,0,0,0,0,0,1,0,9,5,7,14,34,21,1,1,5,5,15,4,3,16,1,1,2,0,0,0,0,0,0,0,1,0,0,1,1,0,0,0,2,0,0,0
Zotu139,0,0,0,0,0,0,0,0,0,0,0,0,0,0,2,0,0,0,0,0,0,0,0,4,17,135,0,7,3,14,0,0,0,0,0,0,0,0,0,0,2,0,0,0,0,0,0,0,0,0,0,0,0,0,0,0,0,0,0,0,0,0,0,0,0,0,0,0,13,0,0,0
Zotu14,8,612,59,10,66,21,1849,1800,1834,1320,156,29,87,12,346,615,480,208,806,25,147,773,367,94,3134,3830,4316,718,588,3845,1,1,0,5,5,0,0,37,0,16,7,0,850,10,341,6,1899,21,13,14,4,5,8,21,2619,3512,2445,1176,1094,601,7,10,4,4,0,0,323,1,784,4,3,881
Zotu140,3,0,7,3,23,11,16,9,39,0,4,1,0,0,5,0,0,0,0,6,0,0,0,0,9,3,0,0,1,3,0,0,0,0,0,0,9,8,13,21,64,19,2,1,3,5,10,5,2,12,0,0,6,1,0,0,0,0,0,0,5,1,1,11,1,0,0,0,1,2,0,0
Zotu141,0,0,0,0,0,0,0,0,0,0,0,0,0,0,0,0,0,0,0,0,0,0,22,9,51,77,17,8,7,37,0,0,0,0,0,0,0,0,0,0,0,0,0,0,0,0,0,0,0,0,0,0,0,0,0,0,0,0,0,0,0,0,0,0,0,0,0,0,0,0,0,0
Zotu142,0,0,0,0,0,0,0,0,0,0,0,0,38,0,0,0,0,0,0,0,42,108,0,44,0,0,0,0,0,0,0,0,0,0,0,0,0,0,0,0,0,0,0,0,0,0,0,0,0,0,0,0,0,0,0,0,0,0,0,0,0,0,0,0,0,0,0,0,0,0,0,0
Zotu143,0,0,0,0,0,0,0,0,0,0,0,1,0,0,0,0,12,0,7,2,0,0,27,0,18,63,21,4,2,53,0,0,0,0,0,0,5,3,3,3,11,2,0,0,0,0,0,2,0,0,0,1,1,1,0,0,0,0,0,0,0,0,0,0,0,0,0,0,0,0,0,0
Zotu144,0,0,0,0,0,0,0,0,0,0,0,0,0,0,0,0,18,0,6,4,0,0,25,0,24,60,19,0,2,74,0,0,0,0,0,0,2,4,0,2,10,4,0,0,0,0,0,0,0,0,0,0,0,0,0,0,0,0,0,0,0,0,0,0,0,0,0,0,0,0,0,0
Zotu145,0,0,2,0,5,0,2,22,10,6,0,0,3,0,2,1,1,11,15,3,2,9,0,3,0,0,0,0,0,1,0,0,0,1,0,0,0,6,1,0,0,0,2,3,2,0,1,4,22,19,60,33,19,48,1,0,3,11,18,9,23,3,6,7,1,0,1,0,2,1,1,0
Zotu146,2,3,9,2,16,4,11,9,29,0,1,1,0,0,1,0,0,1,0,9,0,0,0,0,4,3,0,0,0,3,0,0,0,0,0,0,8,16,3,26,63,11,1,2,3,4,10,4,0,13,2,0,5,0,0,0,0,0,0,0,2,1,3,5,1,1,0,0,2,2,0,0
Zotu147,2628,12666,15135,4194,14388,12255,45,47,265,4234,4115,1522,71,4094,917,77,4,77,11812,90,29,12,3316,63,127,41,46,4,11,33,185,3921,17,11657,5744,1855,6070,11641,7536,15813,10435,5408,38,39,15,4178,27,15764,1698,14110,16313,5801,15155,12192,28,42,68,20,14,12,128,44,7744,11082,2836,5910,5,0,11,30,6,1
Zotu148,0,0,0,0,0,0,0,0,0,0,0,0,0,0,2,0,0,0,0,0,0,0,0,8,35,132,1,1,1,13,0,0,0,0,0,0,0,0,0,0,4,2,0,0,0,0,0,0,0,0,0,0,0,0,5,0,0,0,0,0,0,0,0,0,0,0,0,0,12,0,0,0
Zotu149,0,0,0,0,0,0,0,0,0,0,0,0,44,0,0,0,0,0,0,0,61,121,0,30,0,0,0,0,0,0,0,0,0,0,0,0,0,0,0,0,0,0,0,0,0,0,0,0,0,0,0,0,0,0,0,0,0,0,0,0,0,0,0,0,0,0,0,0,0,0,0,0
Zotu15,9,458,43,7,54,15,1263,1224,1237,946,88,11,50,8,248,409,320,142,560,18,115,569,284,74,2004,2578,2990,492,365,2518,0,0,0,1,2,0,1,26,1,5,9,0,584,5,241,1,1291,12,5,12,1,2,1,18,1703,2434,1691,804,735,398,3,1,1,4,0,1,223,1,480,2,5,635
Zotu150,0,0,0,0,0,0,0,0,0,0,0,0,0,0,1,0,0,2,1,0,0,0,0,0,24,68,13,1,1,34,0,0,0,0,0,0,0,0,0,0,0,2,0,0,2,1,0,0,0,0,0,0,0,0,0,6,0,0,0,5,0,0,0,0,0,0,0,0,0,0,0,0
Zotu151,0,0,0,0,2,40,0,0,0,0,0,0,0,0,0,0,0,0,1,0,0,0,0,0,0,0,0,0,0,0,0,10,0,20,22,25,4,0,0,27,0,5,0,0,0,0,0,0,0,38,3,0,20,5,0,0,0,0,0,0,0,0,0,0,0,0,0,0,0,0,0,0
Zotu152,0,0,0,1,3,33,0,0,0,0,0,0,0,1,0,0,0,0,1,0,0,0,0,0,1,0,0,0,0,0,1,15,0,42,33,46,5,0,2,44,0,5,0,0,0,0,0,0,0,21,6,0,30,5,0,0,0,0,0,0,0,0,0,0,0,0,0,0,0,0,0,0
Zotu153,83,23,125,46,95,83,1,13,12,2,34,12,0,42,75,0,0,106,85,1,2,0,102,6,1,0,0,0,0,0,0,3,0,79,62,9,168,90,89,65,18,108,0,0,2,107,2,3,1,16,37,0,12,2,1,0,20,18,38,11,46,21,58,25,27,10,0,0,0,0,0,0
Zotu154,1,0,2,5,5,30,0,0,0,0,0,0,0,1,0,0,0,0,0,0,0,0,0,0,0,0,0,0,0,0,1,5,0,14,15,15,4,1,1,38,0,2,0,0,0,0,0,0,0,15,3,0,28,4,0,0,0,0,0,0,0,0,0,0,0,0,0,0,0,0,0,0
Zotu155,0,0,1,0,3,38,1,0,0,0,0,0,0,0,0,0,0,0,0,0,0,0,0,0,0,0,0,0,0,0,0,10,0,22,57,35,5,1,0,46,0,8,0,0,0,0,0,0,0,37,8,0,25,6,0,0,0,0,0,0,0,0,1,0,0,0,0,0,0,0,0,0
Zotu156,0,0,3,0,3,1,4,19,4,3,0,0,1,0,1,0,0,13,15,0,0,1,0,0,0,0,0,0,0,0,0,0,0,2,0,0,0,4,0,3,0,0,1,0,0,0,0,7,16,14,23,27,15,43,0,0,6,6,2,16,18,6,1,3,0,1,0,0,0,0,0,0
Zotu157,0,0,0,0,0,0,0,0,0,0,0,0,0,0,0,0,0,0,0,0,0,0,0,0,0,0,0,0,0,0,1,8,0,35,108,120,0,0,0,0,0,0,0,0,0,0,0,0,0,3,1,0,3,0,0,0,0,0,0,0,0,0,0,0,0,0,0,0,0,0,0,0
Zotu158,0,0,2,5,3,40,0,0,0,0,0,0,0,0,0,0,0,0,0,0,0,0,0,0,0,0,0,0,0,0,0,4,0,16,37,42,1,2,0,44,0,2,0,0,0,0,0,0,0,23,5,0,27,4,0,0,0,0,0,0,0,0,0,0,0,0,0,0,0,0,0,0
Zotu159,1,0,2,0,1,46,0,0,0,0,0,0,0,0,0,0,0,0,0,0,0,0,0,0,0,0,0,0,0,0,1,9,0,20,32,23,5,2,0,46,0,5,0,0,0,0,0,0,0,41,4,0,38,3,0,0,0,0,0,0,0,0,0,1,0,0,0,0,0,0,0,0
Zotu16,10,325,46,5,50,14,1104,1021,957,761,82,6,46,9,199,342,269,109,469,12,96,403,235,56,1700,2213,2534,365,335,2096,0,3,0,3,2,0,1,24,0,5,0,0,463,5,189,3,1083,6,2,4,2,0,3,5,1508,2086,1355,660,624,329,4,1,1,2,0,1,195,0,399,3,2,494
Zotu160,0,0,1,0,0,0,0,0,1,0,0,1,3,7,12,21,96,25,0,0,0,0,0,0,0,0,0,0,1,0,0,0,0,0,0,0,0,1,0,0,0,0,0,1,2,0,0,0,0,0,0,0,0,0,0,0,0,0,0,1,0,0,0,0,0,0,0,0,0,0,0,0
Zotu161,10301,841,5167,2443,10204,7341,136,3231,1453,1611,1539,791,8,6282,7885,22,4,18443,8306,210,15,25,14081,38,57,22,34,3,8,49,15,557,15,4694,5912,1090,6422,5874,2253,4050,898,3506,3,162,30,10507,73,496,62,974,1254,10,379,37,11,14,2943,3619,6002,3579,9871,3327,6192,4788,1702,270,5,1,1,6,5,4
Zotu162,11,41,40,15,32,30,0,0,0,14,6,6,0,12,5,1,0,1,38,0,0,0,9,0,0,0,0,0,0,0,2,11,0,35,14,3,18,17,13,44,24,15,0,0,0,7,0,28,4,50,49,20,44,18,0,0,0,0,0,0,1,0,22,19,4,14,0,0,0,0,0,0
Zotu163,0,0,0,1,0,40,0,0,0,0,0,0,0,0,0,0,0,0,0,0,0,0,0,0,0,0,0,0,0,1,0,19,0,20,40,28,13,1,2,34,0,3,0,0,0,0,0,0,0,33,6,0,40,9,0,0,0,0,0,0,0,0,0,0,0,0,0,0,0,0,0,0
Zotu164,0,0,0,1,3,32,0,0,0,0,0,0,0,1,0,0,0,0,0,0,0,0,0,0,0,0,0,0,0,0,0,7,0,20,28,20,3,2,0,45,0,5,0,0,0,0,0,0,0,26,3,0,25,3,0,0,0,0,0,0,0,0,0,0,0,0,0,0,0,0,0,0
Zotu165,0,0,0,0,0,0,0,0,0,0,0,0,0,0,0,0,0,0,0,0,0,0,18,9,53,58,6,3,4,36,0,0,0,0,0,0,0,0,1,0,0,0,0,0,0,0,0,0,0,0,0,0,0,0,0,0,0,0,0,0,0,0,0,0,0,0,0,0,0,0,0,0
Zotu166,0,0,1,0,3,30,0,0,0,0,0,0,0,0,0,0,0,0,0,0,0,0,0,0,0,0,0,0,0,0,0,7,0,21,21,14,3,0,0,31,0,2,0,0,0,0,0,0,0,29,4,0,20,5,0,0,0,0,0,0,0,0,0,1,0,0,0,0,0,0,0,0
Zotu167,0,0,1,5,1,32,0,0,0,0,0,0,0,0,0,0,0,0,0,0,0,0,0,0,0,0,0,0,0,0,2,14,0,26,42,52,2,2,2,25,0,4,0,0,0,0,0,0,0,14,6,1,24,3,0,0,0,0,0,2,0,0,0,2,0,0,0,0,0,0,0,0
Zotu168,5,0,5,0,12,2,18,4,18,0,2,0,0,0,4,21,0,5,0,0,0,0,11,0,0,0,0,0,0,0,0,0,0,1,2,0,6,6,6,8,21,9,0,2,7,1,8,1,0,6,2,1,3,1,0,0,0,0,0,1,0,0,0,2,0,0,0,0,0,0,0,0
Zotu169,0,0,0,0,0,0,0,0,0,0,0,0,0,0,0,0,0,0,0,0,0,0,0,0,0,0,0,0,0,0,4,72,0,17,37,58,0,0,0,0,0,0,0,0,0,0,0,0,0,0,0,1,0,0,0,0,0,0,0,0,0,0,0,0,0,0,0,0,0,0,0,0
Zotu17,17,3,72,51,196,2598,0,0,0,0,0,1,0,0,0,8,0,0,35,4,0,1,0,6,13,2,0,1,2,4,294,5600,0,1622,3294,2054,235,43,20,1773,0,170,1,1,0,1,1,2,0,1714,182,12,947,122,0,0,0,0,6,0,1,0,3,1,1,1,0,0,1,0,2,0
Zotu170,41,15,39,29,43,42,0,11,3,0,17,8,0,26,32,0,0,54,34,1,0,0,43,4,0,0,0,0,0,0,0,0,1,25,23,5,98,50,67,33,7,75,0,1,0,54,1,1,0,3,11,0,5,0,0,0,6,10,18,5,27,9,30,17,8,2,0,0,0,0,0,0
Zotu171,2064,10079,12005,3426,11622,9874,45,42,249,3353,3285,1237,49,3331,692,59,5,44,9512,62,24,8,2644,51,87,24,42,7,8,24,190,3164,20,9430,4544,1555,4840,9435,5922,12403,8397,4135,23,35,13,3445,24,12692,1409,11651,12948,4688,12250,9776,27,33,38,14,12,2,91,38,6322,8917,2289,4734,5,1,8,15,3,0
Zotu172,2,0,0,0,2,2,4,2,4,0,0,0,0,0,0,0,0,0,0,0,0,0,25,0,9,20,0,0,0,7,0,0,0,0,0,0,7,18,10,64,118,12,0,0,0,2,0,0,0,1,0,0,1,0,0,0,0,0,0,0,0,0,0,1,0,0,0,0,0,0,0,0
Zotu173,6,27,22,4,19,14,0,0,1,4,4,5,0,4,2,0,0,0,14,0,0,0,7,0,0,0,0,0,0,0,0,8,0,15,8,1,12,17,11,25,16,5,0,0,0,3,0,18,3,24,24,9,16,10,0,0,0,0,0,0,0,0,19,16,4,8,0,0,0,0,0,0
Zotu174,0,0,0,0,0,0,0,0,0,0,0,0,0,0,0,0,0,0,0,0,0,0,0,0,0,0,0,0,0,0,3,75,0,19,43,76,0,0,0,0,0,0,0,0,0,0,0,0,0,0,0,0,0,0,0,0,0,0,0,0,0,0,0,0,0,0,0,0,0,0,0,0
Zotu175,0,0,0,0,0,0,0,0,0,0,0,0,0,0,2,0,0,0,0,0,0,0,0,4,8,84,1,4,1,12,0,0,0,0,0,0,0,1,0,0,3,0,0,0,0,0,0,0,0,0,0,0,0,0,0,0,0,0,0,0,0,0,0,0,0,0,0,0,7,0,0,0
Zotu176,3,0,0,1,3,1,0,2,1,0,0,0,0,0,0,0,0,0,0,0,0,0,23,0,12,10,0,0,0,7,0,0,0,0,0,0,5,8,3,35,74,7,2,0,0,1,0,0,1,2,3,0,2,1,0,0,0,0,0,0,0,0,0,0,0,0,0,0,0,0,0,0
Zotu177,7708,661,3910,1887,7487,5397,98,2233,1053,1130,1076,660,4,4724,5802,19,8,13701,6027,153,24,13,10484,21,51,18,21,4,7,49,9,426,7,3447,4319,890,4726,4374,1673,3080,682,2577,14,100,25,7911,49,352,61,803,984,3,279,29,7,17,2244,2684,4598,2644,7321,2453,4606,3563,1436,196,1,0,0,7,7,3
Zotu178,0,0,1,0,0,33,0,0,0,0,0,0,0,0,0,0,0,0,0,0,0,0,0,0,0,0,0,0,0,0,1,4,0,23,33,21,5,0,0,33,0,2,0,0,0,0,0,0,0,21,7,0,15,1,0,0,0,0,0,0,0,0,0,0,0,0,0,0,0,0,0,0
Zotu179,0,0,0,0,0,0,0,0,0,0,0,0,26,0,0,0,0,0,0,0,38,68,0,24,0,0,0,0,0,0,0,0,0,0,0,0,0,0,0,0,0,0,0,0,0,0,0,0,0,0,0,0,0,0,0,0,0,0,0,0,0,0,0,0,0,0,0,0,0,0,0,0
Zotu18,17,0,50,28,161,2008,0,0,0,0,1,0,0,0,1,6,0,0,19,5,0,0,0,0,7,1,1,0,3,4,260,4327,0,1243,2486,1451,181,23,16,1356,0,146,0,0,1,1,1,2,0,1288,129,1,727,105,1,2,0,0,0,0,1,0,4,0,0,0,0,0,1,0,0,0
Zotu180,802,56,437,201,735,520,12,264,99,120,121,62,0,490,627,1,1,1408,617,16,1,1,1103,3,6,3,0,0,1,3,1,43,0,404,501,86,454,433,187,286,61,247,0,14,1,778,5,35,0,69,86,0,36,2,1,2,223,252,489,296,808,271,475,386,145,31,0,0,0,0,0,0
Zotu181,0,0,0,0,0,1,1,1,2,0,0,0,2,2,7,10,78,26,0,0,0,0,0,0,0,1,0,0,0,0,0,0,0,0,0,0,0,1,0,0,0,0,0,0,1,0,0,0,0,0,0,0,0,0,0,0,0,0,0,0,0,0,0,0,0,0,0,0,0,0,0,0
Zotu182,0,0,0,0,0,0,0,0,0,0,0,0,0,0,0,0,14,0,2,0,0,0,22,0,11,32,11,1,1,31,0,0,0,0,0,0,7,6,0,1,2,3,0,0,0,0,0,0,0,0,0,0,1,0,0,0,0,0,0,0,0,0,0,0,0,0,0,0,0,0,0,0
Zotu183,2,1,3,1,10,5,7,2,12,0,0,0,0,0,3,1,0,0,0,9,0,0,0,0,2,3,0,0,1,1,0,0,0,0,0,0,8,9,9,22,32,12,1,1,1,6,5,3,3,5,1,0,2,0,0,0,0,0,0,0,0,0,1,4,0,0,0,0,0,2,0,0
Zotu184,0,0,0,0,0,0,0,0,0,0,0,0,24,0,0,0,0,0,0,0,29,59,0,15,0,0,0,0,0,0,0,0,0,0,0,0,0,0,0,0,0,0,0,0,0,0,0,0,0,0,0,0,0,0,0,0,0,0,0,0,0,0,0,0,0,0,0,0,0,0,0,0
Zotu185,0,0,0,0,0,0,0,0,0,0,0,0,0,0,1,0,0,0,0,0,0,0,0,4,9,93,1,5,0,4,0,0,0,0,0,0,0,0,0,0,1,0,0,0,0,0,0,0,0,0,0,0,0,0,2,0,0,0,0,0,0,0,0,0,0,0,0,0,5,0,0,0
Zotu186,0,0,0,0,0,0,0,0,2,0,0,2,2,2,9,16,57,12,0,0,0,0,0,0,0,0,0,0,0,0,0,0,0,0,0,0,0,0,0,0,0,0,0,0,0,0,0,0,0,0,0,0,0,0,0,0,0,0,0,0,0,0,0,0,0,0,0,0,0,0,0,0
Zotu187,0,0,1,0,0,0,0,0,0,0,0,0,0,0,0,0,0,0,0,0,0,0,0,0,0,0,0,0,0,0,0,18,0,25,88,110,0,0,0,0,0,0,0,0,0,0,0,0,0,1,0,0,3,0,0,0,0,0,0,0,0,0,0,0,0,0,0,0,0,0,0,0
Zotu188,47,5,36,25,41,30,2,11,3,5,10,9,0,19,19,0,0,86,32,0,0,0,64,1,0,0,0,0,0,1,0,2,0,6,26,4,60,22,31,31,7,47,1,1,0,47,0,2,0,5,11,0,2,1,0,0,11,8,14,12,35,11,22,17,7,1,0,0,0,0,0,0
Zotu189,0,0,0,0,0,0,0,0,1,0,0,0,1,3,10,16,57,25,0,0,0,0,0,0,0,0,0,0,0,0,0,0,0,0,0,0,0,1,0,0,0,0,0,2,0,0,0,0,0,0,0,0,0,0,0,0,0,0,0,0,0,0,0,0,0,0,0,0,0,0,0,0
Zotu19,14,0,34,30,99,1364,0,0,0,1,0,1,0,0,0,5,0,0,20,4,0,0,1,0,10,0,1,0,1,1,178,3251,0,893,1911,994,128,20,11,1016,0,105,0,0,0,0,0,2,0,950,93,9,534,63,1,3,0,0,2,0,0,0,2,0,0,0,0,0,0,0,0,1
Zotu190,0,0,2,0,1,22,0,0,0,0,0,0,0,0,1,0,0,0,0,0,0,0,0,0,0,0,0,0,0,0,0,5,0,8,5,7,3,1,2,12,0,3,0,0,0,0,0,0,0,9,4,0,18,5,0,0,0,0,0,0,0,0,0,0,0,0,0,0,0,0,0,0
Zotu191,1,0,4,2,6,3,9,3,17,0,0,0,0,0,0,12,0,3,1,0,0,0,6,0,1,0,0,0,0,0,0,0,0,0,2,0,2,5,4,8,21,12,0,0,0,3,3,2,1,4,2,2,1,0,0,0,0,0,0,0,1,0,0,0,0,0,0,0,1,0,0,0
Zotu192,6,0,0,0,0,3,1,1,0,0,0,0,0,0,0,0,0,0,0,1,0,0,18,0,8,9,0,0,0,3,0,0,0,0,0,0,8,15,9,35,81,13,1,0,0,1,0,0,0,2,1,0,0,1,0,0,0,0,0,0,0,0,0,0,0,0,0,0,0,0,0,0
Zotu193,0,1,1,0,0,0,1,11,7,14,0,0,0,0,0,0,0,3,7,0,0,0,0,1,0,0,0,0,0,0,0,0,0,0,0,0,0,3,0,0,0,0,0,2,0,0,0,3,4,14,24,9,4,24,0,0,6,6,2,5,10,6,1,2,0,0,0,0,0,0,0,0
Zotu194,0,0,4,1,9,2,8,3,13,0,0,0,0,2,2,1,0,0,0,5,0,0,0,0,2,0,0,0,1,2,0,0,0,0,0,0,4,3,10,12,29,7,1,1,0,2,3,1,0,4,1,0,3,0,0,0,0,0,0,0,2,1,0,6,1,1,0,0,0,1,0,0
Zotu195,0,0,0,0,0,0,0,0,0,0,0,0,0,0,0,0,0,0,0,0,0,0,0,0,0,0,0,0,0,0,0,19,0,3,23,83,0,0,0,0,0,0,0,0,0,0,0,0,0,0,0,0,0,0,0,0,0,0,0,0,0,0,0,0,0,0,0,0,0,0,0,0
Zotu196,0,0,0,0,0,0,0,0,0,0,0,0,0,0,0,0,0,5,1,0,0,0,0,0,8,44,10,2,2,23,0,0,0,0,0,0,0,0,0,0,0,2,0,0,0,0,0,0,0,0,0,0,0,0,0,7,0,0,0,6,0,0,0,0,0,0,0,0,0,0,0,0
Zotu197,1,0,0,0,0,0,2,3,3,0,0,0,0,0,0,0,0,0,3,0,0,0,0,0,793,286,66,11,23,226,0,0,0,0,0,0,0,0,0,0,0,0,0,0,0,0,0,0,0,1,1,0,0,0,0,0,0,0,0,0,0,0,0,1,0,0,0,0,0,0,0,0
Zotu198,0,2,3,1,6,1,5,0,13,0,2,1,0,0,2,2,0,0,0,2,0,0,0,0,5,1,0,0,0,0,0,0,0,0,0,0,3,4,8,9,32,7,0,0,0,2,3,1,0,5,0,0,1,1,0,0,0,0,1,0,0,0,0,7,0,0,0,0,1,0,0,0
Zotu199,0,0,1,0,0,0,0,14,4,2,0,0,0,0,1,1,0,6,3,0,3,7,0,1,0,0,0,1,0,0,0,0,0,1,0,0,0,4,0,2,0,1,1,0,1,0,0,0,9,18,18,21,6,29,0,0,2,10,5,5,13,4,1,7,3,1,1,0,0,0,0,0
Zotu2,4,21,89,6,160,33,10303,5463,3700,3772,28,61,11298,23,146,7489,4377,2480,1261,7353,24793,16991,448,21408,19,305,172,424,487,162,3,20,0,163,62,3,31,168,12,68,14,27,15310,8403,16594,31,6062,2331,11554,1579,1846,2009,586,2352,5354,4869,3874,2716,5417,2407,6404,7621,498,1743,71,60,3803,1916,4696,4235,5403,4232
Zotu20,9,0,29,21,93,1067,0,0,0,0,0,0,0,0,1,3,0,0,14,1,0,0,0,3,5,1,4,0,1,2,151,2508,0,660,1417,846,95,14,4,757,0,87,0,0,0,0,0,2,0,733,89,0,414,59,1,1,0,2,1,0,1,0,3,2,0,0,0,0,0,0,0,0
Zotu200,0,0,0,0,0,0,0,0,0,0,0,0,0,0,0,0,0,0,0,0,0,0,12,1,30,29,8,1,7,11,0,0,0,0,0,0,0,0,0,0,0,0,0,0,0,0,0,0,0,0,0,0,0,0,0,0,0,0,0,0,0,0,0,0,0,0,0,0,0,0,0,0
Zotu201,0,0,3,0,3,0,3,45,15,15,1,0,0,0,1,1,0,21,25,1,0,0,0,1,0,0,0,0,0,0,0,0,0,3,0,0,1,2,0,1,0,2,0,1,0,0,0,9,20,22,31,48,13,51,0,0,27,10,17,31,44,10,3,13,0,1,0,0,0,0,0,0
Zotu202,1,0,0,0,3,0,1,1,0,0,0,0,0,0,0,0,0,0,0,1,0,0,24,0,7,8,0,0,0,5,0,0,0,0,0,0,3,13,1,29,48,8,0,0,0,0,0,0,0,1,2,0,1,0,0,0,0,0,0,0,0,0,0,1,0,0,0,0,0,0,0,0
Zotu203,0,1,2,0,0,0,0,3,2,7,0,1,1,0,0,0,0,3,8,1,0,0,0,0,0,0,0,0,0,0,0,0,0,1,0,0,3,3,0,0,0,0,0,0,0,0,0,0,4,5,24,6,3,20,0,0,2,4,3,10,17,1,1,4,0,0,0,0,0,0,0,0
Zotu204,0,0,0,0,0,2,0,0,0,0,0,1,0,0,1,0,8,0,2,0,0,0,14,0,10,24,8,0,0,30,0,0,0,0,0,0,4,1,2,1,4,1,0,0,0,0,0,0,0,0,0,0,0,0,0,0,0,0,0,0,0,0,0,0,0,0,0,0,0,0,0,0
Zotu205,0,0,1,7,1,30,0,0,0,0,0,0,0,0,0,0,0,0,0,0,0,0,0,0,0,0,0,0,0,0,0,4,0,22,30,35,2,1,2,16,0,2,0,0,0,0,0,0,0,14,2,0,13,2,0,0,0,0,0,0,0,0,0,0,0,1,0,0,0,0,0,0
Zotu206,0,0,2,1,2,18,0,0,0,0,0,0,0,0,0,0,0,0,1,0,0,0,0,0,0,0,0,0,0,0,0,14,0,8,17,18,4,1,0,30,0,4,0,0,0,0,0,0,0,18,7,0,24,3,0,0,0,0,0,0,0,0,0,0,0,0,0,0,0,0,0,0
Zotu207,1,0,0,1,2,20,0,0,0,0,0,0,0,0,0,0,0,0,0,0,0,0,0,0,0,0,0,0,0,0,1,3,0,14,17,12,3,0,0,20,0,0,0,0,0,0,0,0,0,14,2,2,14,5,0,0,0,0,0,0,0,0,0,0,0,0,0,0,0,0,0,0
Zotu208,0,0,1,0,2,24,0,0,0,0,0,0,0,0,0,0,0,0,0,0,0,0,0,0,0,0,0,0,0,0,0,4,0,9,16,7,3,2,0,23,0,3,0,0,0,0,0,0,0,16,2,0,10,2,0,0,0,0,0,0,0,0,0,0,0,0,0,0,0,0,0,0
Zotu209,1,0,0,0,1,0,1,1,2,0,0,0,0,0,0,0,0,1,7,0,1,0,0,2,932,373,78,7,22,286,0,0,0,0,0,0,0,0,0,0,1,0,0,0,0,0,0,0,0,0,0,0,0,0,0,0,0,0,0,0,0,0,0,0,0,0,0,0,0,0,0,0
Zotu21,10,0,22,25,55,811,0,1,0,0,0,0,0,0,0,6,0,0,7,2,0,0,0,2,4,0,1,0,0,1,113,1993,0,518,1036,572,77,8,11,541,0,50,0,2,2,0,0,3,0,558,53,0,268,42,1,1,0,0,0,0,0,0,1,1,0,0,0,0,2,0,0,0
Zotu210,0,0,0,0,0,0,0,0,0,0,0,0,0,0,0,0,0,0,0,0,0,0,8,1,6,19,5,1,2,11,0,0,0,0,0,0,0,0,0,0,0,0,0,0,0,0,0,0,0,0,0,0,0,0,0,0,0,0,0,0,0,0,0,0,0,0,0,0,0,0,0,0
Zotu211,0,0,0,0,0,0,0,0,0,0,0,0,0,0,0,0,0,4,1,0,0,0,0,0,6,28,7,0,1,14,0,0,0,0,0,0,0,0,0,0,0,0,0,0,0,0,0,0,0,0,0,0,0,0,0,4,0,0,0,0,0,0,0,0,0,0,0,0,0,0,0,0
Zotu212,0,0,0,1,0,4,0,0,0,0,0,0,0,0,0,0,0,0,0,0,0,0,0,0,0,0,0,0,0,0,0,7,0,9,54,20,0,0,0,0,0,0,0,0,0,0,0,0,0,0,0,0,0,0,0,0,0,0,0,0,0,0,0,0,0,0,0,0,0,0,0,0
Zotu213,0,40,4,1,2,0,0,32,12,11,4,0,0,0,4,0,0,5,29,0,0,1,0,0,2,2,3,4,0,1,0,0,0,0,0,0,1,3,0,0,0,0,0,0,0,0,0,0,0,0,0,0,1,7,2,1,20,13,5,10,0,0,0,1,0,0,0,0,0,0,0,1
Zotu214,0,0,0,0,0,0,0,0,0,0,0,0,0,0,0,0,0,0,0,0,0,0,0,0,0,0,0,0,0,0,0,7,0,11,51,66,0,0,0,0,0,0,0,0,0,0,0,0,0,1,0,0,1,1,0,0,0,0,0,0,0,0,0,0,0,0,0,0,0,0,0,0
Zotu215,0,0,0,0,0,0,0,0,0,0,0,0,0,0,0,0,1,0,0,0,0,0,0,0,28,59,6,0,4,62,0,0,0,0,0,0,0,1,0,0,1,0,0,0,0,0,0,0,0,0,0,0,0,0,0,0,0,0,0,0,0,0,0,0,0,0,0,0,0,0,0,0
Zotu216,2,86,3,2,4,0,3,55,13,22,10,3,0,0,17,0,0,3,35,0,0,0,5,0,5,0,2,0,0,0,0,0,0,0,1,0,0,3,0,1,2,0,0,0,0,3,0,0,0,1,0,0,1,6,0,0,33,34,10,17,1,0,0,0,0,0,0,0,0,0,0,0
Zotu217,0,0,4,38,4,32,1,0,0,0,0,0,0,0,1,0,0,1,0,0,0,0,0,0,0,0,0,0,0,1,0,1,0,21,22,13,3,0,0,16,1,7,1,0,0,0,0,0,0,4,0,0,11,0,0,0,0,0,0,1,0,0,0,0,0,0,0,0,0,0,0,0
Zotu218,0,0,1,0,1,25,0,0,0,0,0,0,0,0,0,0,0,0,0,1,0,0,0,0,0,0,0,0,0,0,0,10,0,8,25,16,3,1,0,22,0,3,0,0,0,0,0,0,0,24,7,0,23,3,0,0,0,0,0,0,0,0,0,0,0,0,0,0,0,0,0,0
Zotu219,0,0,0,0,0,0,0,0,0,0,0,0,0,0,0,0,0,0,0,0,0,0,0,0,0,0,0,0,0,0,0,12,0,8,25,85,0,0,0,0,0,0,0,0,0,0,0,0,0,0,0,0,0,0,0,0,0,0,0,0,0,0,0,0,0,0,0,0,0,0,0,0
Zotu22,6,0,11,12,40,603,2,1,0,0,0,0,0,0,0,4,0,2,5,2,2,0,0,1,4,1,1,1,1,0,77,1546,0,397,830,448,66,12,1,402,0,37,0,1,0,0,0,1,0,428,49,1,217,34,0,0,0,0,0,0,0,0,1,0,0,0,0,0,0,0,0,0
Zotu220,0,0,0,0,0,0,1,6,2,6,0,0,0,0,1,0,0,9,0,0,0,0,0,0,0,0,0,0,0,0,0,0,0,0,0,0,0,0,0,1,1,0,0,0,0,0,0,1,5,3,11,11,4,5,0,0,2,6,0,3,1,2,1,0,0,0,0,0,0,0,0,0
Zotu221,0,0,0,0,0,0,0,0,0,0,0,0,0,0,0,0,0,0,0,0,0,0,0,0,0,0,0,0,0,0,3,32,0,7,22,31,0,0,0,0,0,0,0,0,0,0,0,0,0,0,0,0,0,0,0,0,0,0,0,0,0,0,0,0,0,0,0,0,0,0,0,0
Zotu222,0,0,2,0,1,21,0,0,0,0,0,0,0,0,0,0,0,0,0,0,0,0,0,0,0,0,0,0,0,0,0,7,0,14,14,18,4,0,0,9,0,1,0,0,0,0,0,0,0,9,4,0,12,5,0,0,0,0,0,0,0,0,0,1,0,0,0,0,0,0,0,0
Zotu223,2201,50,2718,4923,29,127,3,1,15,14,13953,7004,6,128,4586,39,0,1,26,0,6,0,7,6,7,2,1,1,0,0,2,23,7,193,1339,64,9787,630,12585,287,152,14911,11,2,3,13,9,32,0,22,40,16,19,23,4,0,1,1,3,3,3,2,13,15,5,13,2,0,0,0,2,0
Zotu224,0,0,0,0,0,0,0,0,0,0,0,0,0,0,1,0,0,0,0,0,0,0,0,4,7,53,2,1,0,6,0,0,0,0,0,0,0,0,1,0,3,1,0,0,0,0,0,0,0,0,0,0,0,0,0,0,1,0,0,0,0,0,0,0,0,0,0,0,2,0,0,0
Zotu225,2813,70,3408,6159,33,175,10,5,18,12,17171,8780,6,147,5732,37,0,1,24,1,10,1,9,7,5,2,1,0,1,5,4,41,2,222,1752,68,12650,706,15865,417,174,18285,9,1,8,17,1,34,1,19,37,14,40,27,9,0,0,1,5,0,9,2,14,38,5,11,1,0,1,0,0,0
Zotu226,0,0,0,0,0,0,0,0,0,0,0,0,0,0,0,0,0,0,0,0,0,0,0,0,0,0,0,0,0,0,0,7,0,14,66,87,0,0,0,0,0,0,0,0,0,0,0,0,0,0,0,0,0,0,0,0,0,0,0,0,0,0,0,0,0,0,0,0,0,0,0,0
Zotu227,0,0,0,0,0,0,0,0,0,0,0,0,0,0,0,0,0,0,0,0,0,0,0,0,0,0,0,0,0,0,1,52,0,4,19,26,0,0,0,0,0,0,0,0,0,0,0,0,0,0,0,0,0,0,0,0,0,0,0,0,0,0,0,0,0,0,0,0,0,0,0,0
Zotu228,0,0,2,0,2,1,0,8,5,5,0,0,0,0,1,0,0,7,4,0,0,0,0,0,0,0,0,0,0,0,0,0,0,1,1,0,0,1,0,0,0,0,0,0,0,0,0,1,6,6,19,10,4,21,0,0,3,2,9,4,8,4,1,3,1,2,0,0,0,0,0,0
Zotu229,0,0,0,3,3,13,0,0,0,0,0,0,0,0,0,0,0,0,1,0,0,0,0,0,0,0,0,0,0,0,0,6,0,23,20,21,1,0,0,12,0,3,0,0,0,0,0,0,0,11,1,0,11,2,0,0,0,0,0,0,0,0,0,1,0,0,0,0,0,0,0,0
Zotu23,0,0,0,0,0,0,0,0,0,0,0,0,0,0,0,0,0,0,0,0,0,0,0,0,3,15,0,0,0,3,20,813,0,210,1806,1877,0,0,1,2,0,1,0,0,0,0,0,0,0,4,0,0,5,0,0,0,0,0,0,0,0,0,0,0,0,0,0,0,0,0,0,0
Zotu230,0,0,0,0,0,0,0,1,1,0,0,0,0,1,4,10,30,14,0,0,0,0,0,0,0,1,0,0,0,0,0,0,0,0,0,0,0,2,0,0,0,0,0,0,1,0,0,0,0,0,0,0,0,0,0,0,0,0,0,0,0,0,0,0,0,0,0,0,0,0,0,0
Zotu231,342,1453,1787,531,1637,1383,4,2,37,494,716,305,3,446,179,7,0,5,1333,14,2,0,313,10,9,1,6,0,2,5,13,454,0,1253,665,194,887,1309,1008,1804,1151,843,4,5,0,406,1,1692,192,1614,1880,638,1759,1310,1,5,2,2,0,2,13,5,889,1222,305,665,0,1,1,5,1,1
Zotu232,0,0,3,1,4,34,0,0,0,0,0,0,0,0,0,0,0,0,0,0,0,0,0,0,0,0,0,0,0,0,0,0,0,15,7,11,6,0,0,17,0,3,0,0,0,0,0,0,0,5,1,0,0,0,0,0,0,0,0,0,0,0,0,0,0,0,0,0,0,0,0,0
Zotu233,0,0,0,0,0,0,0,0,0,0,0,0,14,0,0,0,0,0,0,0,14,47,0,10,0,0,0,0,0,0,0,0,0,0,0,0,0,0,0,0,0,0,0,0,0,0,0,0,0,0,0,0,0,0,0,0,0,0,0,0,0,0,0,0,0,0,0,0,0,0,0,0
Zotu234,0,0,3,0,5,2,5,2,12,0,0,0,0,0,0,0,0,0,0,1,0,0,0,0,0,0,0,0,0,0,0,0,0,0,0,0,1,3,3,3,11,7,1,1,2,0,4,0,0,2,0,0,3,0,0,0,0,0,0,0,2,0,3,1,0,0,0,0,0,0,0,0
Zotu235,1,45,3,0,3,2,2,20,11,8,8,0,0,1,9,0,0,5,28,0,0,0,3,0,2,1,4,2,1,0,0,0,0,0,0,0,0,1,0,0,0,0,0,0,0,0,2,0,0,1,0,0,1,0,0,2,7,15,10,9,1,0,0,0,0,0,0,0,0,0,0,1
Zotu236,0,0,0,0,1,14,0,0,0,0,0,0,0,0,0,0,0,0,0,0,0,0,0,0,0,0,0,0,0,0,0,3,0,8,8,5,5,2,0,14,0,1,0,0,0,0,0,0,0,11,2,1,9,2,0,0,0,0,0,0,0,0,0,0,0,0,0,0,0,0,0,0
Zotu237,0,1,0,2,0,11,0,0,0,0,0,0,0,0,0,0,0,0,0,0,0,0,0,0,0,0,0,0,0,0,0,2,0,11,12,14,2,0,0,17,0,1,0,0,0,0,0,0,0,8,2,0,16,1,0,0,0,0,0,0,0,0,0,0,0,0,0,0,0,0,0,0
Zotu238,1,0,0,0,1,0,1,1,1,0,0,0,0,0,0,0,0,0,0,1,0,0,8,0,1,8,0,0,0,1,0,0,0,0,0,0,4,6,4,16,31,3,0,0,0,0,0,0,0,2,1,0,0,0,0,0,0,0,0,0,0,0,0,0,0,0,0,0,0,0,0,0
Zotu239,0,0,0,1,2,11,0,0,0,0,0,0,0,0,0,0,0,0,0,0,0,0,0,0,0,0,0,0,0,0,1,1,0,3,7,2,4,0,0,11,0,2,0,0,0,0,0,0,0,11,1,0,6,2,0,0,0,0,0,0,0,0,0,0,0,0,0,0,0,0,0,0
Zotu24,0,0,2,0,6,0,4,4,59,0,0,0,0,0,0,0,0,1,49,0,0,0,0,0,81,1107,1203,780,782,2008,0,1,0,0,0,0,0,0,0,0,0,0,0,0,0,0,0,0,5,1,1,29,0,7,0,0,0,0,0,0,0,1,0,0,0,0,0,0,1,0,0,0
Zotu240,25,109,94,20,86,80,1,0,2,35,23,13,2,21,7,1,0,0,88,2,0,0,22,1,0,0,0,0,1,0,2,22,0,86,32,6,32,78,57,68,77,38,1,0,0,26,1,89,9,76,97,28,72,68,0,0,0,0,1,0,1,1,64,63,14,40,1,0,1,0,0,0
Zotu241,0,0,2,0,0,20,0,0,0,0,0,0,0,0,0,0,0,0,0,0,0,0,0,0,0,0,0,0,0,0,0,0,0,16,9,12,3,0,0,20,0,3,0,0,0,0,0,0,0,0,1,0,2,0,0,0,0,0,0,0,0,0,0,0,0,0,0,0,0,0,0,0
Zotu242,12,2,15,35,1,1,0,0,0,0,52,21,0,1,26,1,0,0,0,0,0,0,1,0,0,0,0,0,0,0,0,0,0,2,3,0,35,2,57,1,1,72,0,0,0,1,0,0,0,1,0,0,1,0,0,0,0,0,0,0,0,0,0,0,0,0,0,0,0,0,0,0
Zotu243,0,0,0,0,0,0,0,0,0,0,0,0,0,0,0,0,0,0,0,0,0,0,0,0,0,0,0,0,0,0,0,58,0,10,25,45,0,0,0,0,0,0,0,0,0,0,0,0,0,0,0,0,0,0,0,0,0,0,0,0,0,0,0,0,0,0,0,0,0,0,0,0
Zotu244,0,0,0,0,0,0,0,5,2,6,1,0,0,0,0,0,0,4,5,0,0,0,0,0,0,0,0,0,0,0,0,0,0,1,0,0,0,0,0,0,0,0,0,0,0,0,0,4,0,9,15,8,6,9,0,0,2,3,4,2,2,2,0,6,0,0,0,0,0,0,0,0
Zotu245,0,0,0,0,0,0,0,0,0,0,0,0,0,0,0,0,0,0,0,0,0,0,0,0,0,0,0,0,0,0,0,11,0,1,17,43,0,0,0,0,0,0,0,0,0,0,0,0,0,0,0,0,0,0,0,0,0,0,0,0,0,0,0,0,0,0,0,0,0,0,0,0
Zotu246,0,0,0,0,0,0,0,0,0,0,0,0,0,0,0,0,0,0,0,0,0,0,0,0,0,0,0,0,0,0,4,32,0,6,33,51,0,0,0,0,0,0,0,0,0,0,0,0,0,0,0,0,0,0,0,0,0,0,0,0,0,0,0,0,0,0,0,0,0,0,0,0
Zotu247,1,0,4,0,3,0,2,47,14,21,0,0,0,0,3,0,0,17,8,4,0,0,0,0,0,1,0,0,0,0,0,0,0,4,0,0,2,2,0,0,1,1,2,3,0,1,0,9,35,16,26,33,9,31,0,0,16,19,18,24,35,13,3,10,0,0,0,0,0,0,0,0
Zotu248,0,0,0,0,0,0,0,0,0,0,0,0,0,0,0,0,0,0,0,0,0,0,0,0,0,0,0,0,0,0,2,32,0,5,17,21,0,0,0,1,0,0,0,0,0,0,0,0,0,0,0,0,0,0,0,0,0,0,0,0,0,0,0,0,0,0,0,0,0,0,0,0
Zotu249,0,0,0,0,0,0,0,0,0,0,0,0,0,0,0,0,0,0,0,0,0,0,0,0,0,0,0,0,0,0,1,2,0,6,56,71,0,0,0,0,0,0,0,0,0,0,0,0,0,0,0,0,0,0,0,0,0,0,0,0,0,0,0,0,0,0,0,0,0,0,0,0
Zotu25,0,0,4,1,9,9,2,1,4,1,0,0,0,0,15,8,250,6,48,33,19,17,689,46,1017,676,405,88,90,728,0,0,0,0,0,0,15,18,16,15,8,20,0,4,2,0,0,11,0,2,1,3,1,0,0,0,1,0,0,0,1,3,4,35,6,2,0,2,0,2,0,7
Zotu250,0,0,0,0,0,0,0,0,0,0,0,0,0,0,0,0,0,0,0,0,0,0,0,0,29,57,5,1,2,54,0,0,0,0,0,0,0,0,0,0,0,0,0,0,0,0,0,0,0,0,0,0,0,0,1,0,0,0,0,0,0,0,0,0,0,0,0,0,0,0,0,0
Zotu251,0,0,0,0,0,0,0,0,0,0,0,0,8,0,0,0,0,0,0,0,15,36,0,11,0,0,0,0,0,0,0,0,0,0,0,0,0,0,0,0,0,0,0,0,0,0,0,0,0,0,0,0,0,0,0,0,0,0,0,0,0,0,0,0,0,0,0,0,0,0,0,0
Zotu252,0,0,0,0,0,0,0,0,0,0,0,0,0,0,0,0,0,1,1,0,0,0,0,0,3,23,3,3,0,10,0,0,0,0,0,0,0,0,0,0,0,2,0,0,1,0,0,0,0,0,0,0,0,0,0,2,0,0,0,1,0,0,0,0,0,0,0,0,0,0,0,0
Zotu253,0,0,0,0,0,0,0,0,0,0,0,0,0,0,0,0,0,1,1,0,0,0,0,0,16,35,12,0,0,13,0,0,0,0,0,0,0,0,0,0,0,1,0,0,0,1,0,0,0,0,0,0,0,0,0,7,0,0,0,5,0,0,0,0,0,0,0,0,0,0,0,0
Zotu254,0,0,0,0,0,0,0,0,0,0,0,0,0,0,0,0,0,0,0,0,0,0,0,0,0,0,0,0,0,0,0,28,0,5,9,23,0,0,0,0,0,0,0,0,0,0,0,0,0,0,0,0,0,0,0,0,0,0,0,0,0,0,0,0,0,0,0,0,0,0,0,0
Zotu255,0,0,0,0,0,6,0,0,0,0,0,0,0,0,0,0,0,0,0,0,0,0,0,0,0,0,0,0,0,0,1,4,0,7,10,17,2,0,0,14,0,2,0,0,0,0,0,0,0,7,5,0,5,0,0,0,0,0,0,0,0,0,0,0,0,0,0,0,0,0,0,0
Zotu256,0,0,0,0,0,0,0,0,0,0,0,0,0,0,0,0,0,0,0,0,0,0,0,0,17,33,4,0,3,27,0,0,0,0,0,0,0,0,0,0,0,0,0,0,0,0,0,0,0,0,0,0,0,0,0,0,0,0,0,0,0,0,0,0,0,0,0,0,0,0,0,0
Zotu257,1287,27,1561,2806,20,63,2,4,3,7,8110,4036,2,78,2620,16,0,0,7,1,2,0,2,5,2,2,2,1,0,0,0,15,3,96,782,41,5721,357,7543,189,91,8640,4,0,0,5,6,13,3,11,25,3,17,5,3,0,0,0,1,1,2,0,10,9,3,7,1,0,0,0,0,0
Zotu258,0,0,0,0,0,0,0,0,0,0,0,0,6,0,0,0,0,0,0,0,14,24,0,7,0,0,0,0,0,0,0,0,0,0,0,0,0,0,0,0,0,0,0,0,0,0,0,0,0,0,0,0,0,0,0,0,0,0,0,0,0,0,0,0,0,0,0,0,0,0,0,0
Zotu259,0,0,0,0,0,0,0,0,0,0,0,0,0,0,0,0,0,0,0,0,0,0,0,0,0,0,0,0,0,0,2,28,0,4,14,35,0,0,0,0,0,0,0,0,0,0,0,0,0,0,0,0,0,0,0,0,0,0,0,0,0,0,0,0,0,0,0,0,0,0,0,0
Zotu26,0,0,2,0,7,0,7,2,55,0,0,0,0,0,0,0,0,0,41,1,0,0,0,0,64,808,895,641,624,1530,1,1,0,0,0,0,0,1,0,0,0,0,0,0,1,0,0,0,1,0,0,17,0,6,0,0,0,0,0,0,0,0,0,0,0,0,0,0,0,0,0,0
Zotu260,56,4,30,14,60,50,2,18,12,8,10,1,0,41,50,0,0,125,57,1,0,0,88,0,0,0,0,0,0,0,0,3,0,27,27,4,33,44,9,25,7,15,0,0,0,90,0,3,1,6,5,0,2,0,0,0,22,23,40,26,71,23,45,37,12,1,0,0,0,0,0,0
Zotu261,0,0,0,0,2,2,0,0,2,0,0,0,0,0,0,0,0,0,0,0,0,0,10,0,5,4,0,0,0,1,0,0,0,0,0,0,2,9,1,9,39,7,0,0,0,0,0,0,0,1,1,0,0,0,0,0,0,0,0,0,0,0,0,0,0,0,0,0,0,0,0,0
Zotu262,0,0,0,0,0,0,0,0,0,0,0,0,1,1,3,2,29,8,0,0,0,0,0,0,0,0,0,0,0,0,0,0,0,0,0,0,0,1,0,0,0,0,0,1,0,0,0,0,1,0,0,0,0,1,0,0,0,0,0,0,0,0,0,0,0,0,0,0,0,0,0,0
Zotu263,0,0,0,2,2,19,0,0,0,0,0,0,0,0,0,0,0,0,0,0,0,0,0,0,1,0,0,0,0,0,1,8,0,14,18,13,2,0,0,3,0,1,0,0,0,0,0,0,0,6,8,0,6,4,0,0,0,0,0,0,0,0,0,0,0,0,0,0,0,0,0,0
Zotu264,0,0,0,0,0,6,0,0,0,0,0,0,0,0,0,0,0,0,0,0,0,0,0,0,0,0,0,0,0,0,0,5,0,7,51,16,1,0,0,0,0,0,0,0,0,0,0,0,0,0,0,0,0,0,0,0,0,0,0,0,0,0,0,0,0,0,0,0,0,0,0,0
Zotu265,0,0,0,0,0,0,0,0,0,0,0,0,0,0,0,0,0,0,0,0,0,0,0,0,0,0,0,0,0,0,0,17,0,5,15,55,0,0,0,0,0,0,0,0,0,0,0,0,0,0,0,0,0,0,0,0,0,0,0,0,0,0,0,0,0,0,0,0,0,0,0,0
Zotu266,1,0,0,1,1,22,0,0,0,0,0,0,0,0,0,0,0,0,0,0,0,0,0,0,0,0,0,0,0,0,0,10,0,7,27,21,3,1,0,18,0,4,0,0,0,0,0,0,0,10,1,0,11,1,0,0,0,0,0,0,0,0,0,1,0,0,0,0,0,0,0,0
Zotu267,0,0,0,0,0,0,0,0,0,0,0,0,0,0,0,0,0,0,0,0,0,0,0,0,0,0,0,0,0,0,1,15,0,4,21,69,0,0,0,0,0,0,0,0,0,0,0,0,0,0,0,0,0,0,0,0,0,0,0,0,0,0,0,0,0,0,0,0,0,0,0,0
Zotu268,0,0,0,0,0,0,0,0,0,0,0,0,0,0,0,0,0,0,0,0,0,0,0,0,0,0,0,0,0,0,0,12,0,2,17,58,0,0,0,0,0,0,0,0,0,0,0,0,0,0,0,0,0,0,0,0,0,0,0,0,0,0,0,0,0,0,0,0,0,0,0,0
Zotu269,167,822,993,275,939,786,5,1,14,298,277,92,3,272,58,7,0,2,795,5,0,1,211,5,5,1,3,0,0,1,7,293,1,756,347,127,395,780,444,1025,673,317,1,1,1,275,1,967,106,930,1069,371,1025,823,1,1,0,0,0,0,6,1,499,674,189,356,0,0,1,0,0,0
Zotu27,19,1,30,4,144,49,5,18,85,1,10,0,0,5,24,17,144,29,27,23,8,0,211,77,230,29,11,8,8,48,0,0,0,1,2,0,89,190,108,464,2978,214,12,16,64,17,38,34,9,48,13,13,23,12,8,0,5,0,0,0,23,34,6,119,55,4,0,0,0,0,0,0
Zotu270,0,0,0,0,0,0,0,0,0,0,0,0,0,0,0,0,0,0,0,0,0,0,0,0,0,0,0,0,0,0,1,25,0,6,17,27,0,0,0,0,0,0,0,0,0,0,0,0,0,0,0,0,0,0,0,0,0,0,0,0,0,0,0,0,0,0,0,0,0,0,0,0
Zotu271,0,0,0,0,0,0,0,0,0,0,0,0,0,0,0,0,0,0,0,0,0,0,0,0,0,0,0,0,0,0,1,14,0,6,21,70,0,0,0,0,0,0,0,0,0,0,0,0,0,0,0,0,0,0,0,0,0,0,0,0,0,0,0,0,0,0,0,0,0,0,0,0
Zotu272,0,1,2,0,0,0,0,4,3,2,0,1,0,0,0,0,0,18,9,0,0,0,0,0,0,0,0,0,0,0,1,0,0,2,0,0,0,0,0,1,0,1,0,1,0,0,0,1,8,12,23,9,8,17,0,0,5,4,13,6,19,2,5,4,0,1,0,0,0,0,0,0
Zotu273,0,0,0,0,0,0,0,0,0,0,0,0,0,0,0,0,0,0,0,0,0,0,0,2,7,33,1,1,0,1,0,0,0,0,0,0,0,0,1,0,2,0,0,0,0,0,0,0,0,0,0,0,0,0,0,0,0,0,0,0,0,0,0,0,0,0,0,0,3,0,0,0
Zotu274,0,0,0,0,0,0,0,0,0,0,0,0,6,0,0,0,0,0,0,0,13,23,0,12,0,0,0,0,0,0,0,0,0,0,0,0,0,0,0,0,0,0,0,0,0,0,0,0,0,0,0,0,0,0,0,0,0,0,0,0,0,0,0,0,0,0,0,0,0,0,0,0
Zotu275,0,0,0,0,0,0,0,0,0,0,0,0,0,0,0,0,0,0,0,0,0,0,0,0,0,0,0,0,0,0,1,12,0,3,17,61,0,0,0,0,0,0,0,0,0,0,0,0,0,0,0,1,0,0,0,0,0,0,0,0,0,0,0,0,0,0,0,0,0,0,0,0
Zotu276,0,0,0,0,0,11,0,0,0,0,0,0,0,0,0,0,0,0,0,0,0,0,0,0,0,0,0,0,0,0,2,1,0,5,16,9,1,1,0,12,0,2,0,0,0,0,0,0,0,7,5,0,2,1,0,0,0,0,0,0,1,0,0,0,0,0,0,0,0,0,0,0
Zotu277,0,0,0,0,0,0,0,0,0,0,0,0,0,0,0,1,0,0,0,0,0,0,0,0,0,0,0,0,0,0,0,22,0,29,37,54,0,0,0,0,0,1,0,0,0,0,0,0,0,0,0,0,2,0,0,0,0,0,0,0,0,0,0,0,0,0,0,0,0,0,0,0
Zotu278,1549,29,1802,3339,24,80,3,0,7,11,9364,4640,5,81,3083,28,0,1,14,1,7,0,4,1,3,2,1,0,0,5,5,19,0,115,961,35,6656,387,8604,226,97,9981,3,0,5,5,0,21,4,18,23,7,12,17,4,0,0,0,4,3,4,0,12,9,2,6,0,0,2,0,0,0
Zotu279,0,0,0,0,0,0,0,0,0,0,0,0,0,0,0,0,0,0,0,0,0,0,0,0,0,0,0,0,0,0,0,1,0,0,54,43,0,0,0,0,0,0,0,0,0,0,0,0,0,0,0,0,0,0,0,0,0,0,0,0,0,0,0,0,0,0,0,0,0,0,0,0
Zotu28,0,1,1,0,0,0,0,0,0,0,0,0,0,0,0,0,0,0,0,0,0,0,0,0,10,14,0,2,0,0,12,647,0,174,1289,1423,1,0,0,0,0,0,0,1,0,0,0,0,0,10,1,1,9,0,0,0,0,0,0,0,0,0,0,1,0,0,0,0,0,0,0,0
Zotu280,0,29,2,0,2,1,2,16,5,12,3,1,0,0,4,0,1,1,22,0,0,0,0,0,0,0,0,0,0,0,0,0,0,0,0,0,0,3,0,0,0,0,0,0,0,0,0,0,0,0,0,0,0,1,0,0,8,10,3,6,0,0,0,0,0,0,0,0,0,0,0,0
Zotu281,17,3,8,1,20,11,0,1,2,1,2,0,0,8,13,0,0,32,13,0,0,0,32,0,0,0,0,0,0,0,0,2,0,10,3,3,4,8,2,6,0,5,0,0,0,9,0,0,0,1,2,0,1,0,0,0,5,5,6,3,12,6,7,9,3,1,0,0,0,0,0,0
Zotu282,0,0,1,0,0,15,0,0,0,0,0,0,0,0,0,0,0,0,0,0,0,0,0,0,0,0,0,0,0,0,0,6,0,3,6,9,3,1,1,3,0,1,0,0,0,0,0,0,0,6,6,0,5,2,0,0,0,0,0,0,0,0,0,0,0,0,0,0,0,0,0,0
Zotu283,0,0,0,0,0,0,0,0,0,0,0,0,0,0,0,0,0,0,0,0,0,0,0,0,0,0,0,0,0,0,1,22,0,8,15,27,0,0,0,0,0,0,0,0,0,0,0,0,0,0,0,0,0,0,0,0,0,0,0,0,0,0,0,0,0,0,0,0,0,0,0,0
Zotu284,0,0,0,0,0,0,0,0,0,0,0,0,0,0,0,0,0,0,0,0,0,0,0,0,0,0,0,0,0,0,0,18,0,28,27,59,0,0,0,0,0,0,0,0,0,0,0,0,0,1,0,0,4,0,0,0,0,0,0,0,0,0,0,0,0,0,0,0,0,0,0,0
Zotu285,6,31,36,11,38,24,0,0,0,11,8,2,0,8,2,0,0,0,40,0,0,0,9,0,0,0,0,0,0,1,0,10,0,30,14,6,10,30,30,28,16,10,1,0,0,11,0,23,6,37,37,5,39,36,0,0,0,0,0,0,0,3,28,22,12,12,0,0,0,0,0,0
Zotu286,0,0,1,2,1,10,0,0,0,0,0,0,0,0,0,0,0,0,1,0,0,0,0,0,0,0,0,0,0,0,0,6,0,13,19,18,0,1,0,17,0,3,0,0,0,0,0,0,0,14,3,0,6,4,0,0,0,0,0,0,0,0,0,0,0,0,0,0,0,0,0,0
Zotu287,0,0,0,0,0,0,0,0,0,0,0,0,0,0,0,0,0,0,0,0,0,0,0,0,0,0,0,0,0,0,0,3,0,1,9,45,0,0,0,0,0,0,0,0,0,0,0,0,0,0,0,0,0,0,0,0,0,0,0,0,0,0,0,0,0,0,0,0,0,0,0,0
Zotu288,1,0,1,47,7,42,0,1,0,0,0,0,0,0,0,0,0,0,1,0,0,0,0,0,0,0,0,0,0,0,0,5,0,35,58,41,7,1,1,9,0,2,0,0,0,0,0,0,0,6,2,0,6,0,0,0,1,0,0,0,0,0,0,0,0,0,0,0,0,0,0,0
Zotu289,0,0,0,0,0,0,0,6,1,1,0,0,0,0,0,0,0,2,2,0,0,0,0,0,0,0,0,0,0,0,0,0,0,0,0,0,0,2,0,1,0,1,0,1,0,0,0,2,3,1,3,7,4,13,0,0,1,2,4,2,4,1,1,2,1,0,0,0,0,0,0,0
Zotu29,14,3,19,9,91,46,4,15,67,2,3,1,0,2,13,7,137,18,18,18,7,0,183,43,193,20,8,5,8,38,1,0,0,2,3,0,59,150,94,367,2268,159,11,8,50,22,34,38,7,29,11,13,25,12,10,0,1,0,0,1,7,33,5,97,44,1,0,1,1,0,0,0
Zotu290,0,0,0,49,0,7,0,0,0,0,0,0,0,0,0,0,0,0,0,0,0,0,0,0,0,0,0,0,0,0,0,8,0,15,117,48,2,0,0,0,0,1,0,0,0,0,0,0,0,0,0,1,2,0,0,0,0,0,0,0,0,0,0,0,0,0,0,0,0,0,0,0
Zotu291,0,0,0,0,3,9,0,0,0,0,0,0,0,0,0,0,0,0,0,0,0,0,0,0,0,0,0,0,0,0,0,5,0,11,17,13,1,1,0,14,0,1,0,0,0,0,0,0,0,9,0,0,8,1,0,0,0,0,0,0,0,0,0,0,0,0,0,0,0,0,0,0
Zotu292,1,3,3,0,0,0,2372,2556,1162,268,1,0,18,0,5,14,5,4,40,3,150,188,1,31,84,390,118,41,166,413,0,0,0,0,0,0,1,3,0,0,1,0,480,6,45,1,128,0,10,0,0,6,3,23,2209,1791,831,550,209,488,2,1,0,0,0,0,20,0,642,0,0,199
Zotu293,0,1,0,0,0,0,0,0,0,0,0,1,0,0,0,0,0,0,0,0,0,0,0,0,0,1,0,0,0,0,9,144,0,196,223,371,0,0,0,1,0,2,0,0,0,0,0,0,0,1,0,0,0,0,0,0,0,0,0,0,0,0,0,0,0,0,1,0,0,0,0,0
Zotu294,0,0,0,0,0,0,0,0,0,0,0,0,0,0,0,0,0,0,0,0,0,0,0,0,19,30,2,0,0,34,0,0,0,0,0,0,0,1,0,0,0,0,0,0,0,0,0,0,0,1,0,0,0,0,0,0,0,0,0,0,0,0,0,0,0,0,0,0,0,0,0,0
Zotu295,0,0,0,0,0,0,0,0,0,0,0,0,0,0,0,0,0,0,1,0,0,0,0,0,0,0,0,0,0,0,2,28,0,12,23,29,0,0,0,0,0,0,0,0,0,0,0,0,0,0,0,0,0,0,0,0,0,0,0,0,0,0,0,0,0,0,0,0,0,0,0,0
Zotu296,0,0,0,0,0,0,0,0,0,0,0,0,0,0,7,0,13,0,1,0,0,0,0,0,0,4,17,0,0,0,0,0,0,0,0,0,0,0,0,0,0,0,1,0,0,0,0,0,0,0,0,1,0,0,1,0,0,0,0,0,0,0,0,0,0,0,0,0,0,0,0,0
Zotu297,0,0,0,0,0,0,0,0,0,0,0,0,0,0,0,0,0,0,0,0,0,0,0,0,0,0,0,0,0,0,0,1,0,5,27,8,0,0,0,0,0,0,0,0,0,0,0,0,0,0,0,0,0,0,0,0,0,0,0,0,0,0,0,0,0,0,0,0,0,0,0,0
Zotu298,0,0,0,0,0,0,0,0,0,0,0,0,0,0,0,0,0,0,0,0,0,0,0,0,0,0,0,0,0,0,2,16,0,7,12,17,0,0,0,0,0,0,0,0,0,0,0,0,0,0,0,0,0,0,0,0,0,0,0,0,0,0,0,0,0,0,0,0,0,0,0,0
Zotu299,1,0,2,41,1,28,0,0,0,0,0,1,0,1,1,0,0,0,0,0,0,0,0,0,0,0,0,0,0,0,0,1,0,29,14,18,4,1,2,13,0,2,1,0,0,1,0,0,0,3,1,0,5,0,0,0,0,0,0,0,1,0,0,0,0,0,0,0,0,0,0,0
Zotu3,29,2063,222,30,307,80,6935,6529,6735,4537,580,65,228,39,1171,1901,1504,682,2957,82,643,2334,1144,344,12112,14702,14045,2301,2045,14374,6,13,2,8,8,1,3,138,2,41,23,1,2969,33,1102,8,6167,68,21,43,8,14,34,75,10031,12939,8253,4193,3745,2212,21,27,14,19,1,2,962,10,2658,6,9,2987
Zotu30,0,0,5,2,8,2,525,280,174,184,1,3,529,2,6,351,198,129,60,292,1203,828,14,1001,1,9,8,21,24,11,0,3,1,7,3,0,0,10,1,1,0,0,740,373,828,4,292,111,499,74,107,98,25,108,252,219,172,134,237,107,285,372,22,79,3,2,173,74,212,184,255,207
Zotu300,0,0,0,0,0,0,0,0,0,0,0,0,0,0,0,0,0,0,3,0,0,0,0,0,2,26,9,1,0,12,0,0,0,0,0,0,0,0,0,0,0,2,0,0,1,1,0,0,0,0,0,0,0,0,0,5,0,0,0,2,0,0,0,0,0,0,0,0,0,0,0,0
Zotu301,0,0,0,0,0,0,0,0,0,0,0,0,0,0,0,0,0,0,0,0,0,0,0,0,0,0,0,0,0,0,0,6,0,2,13,49,0,0,0,0,0,0,0,0,0,0,0,0,0,0,0,0,0,0,0,0,0,0,0,0,0,0,0,0,0,0,0,0,0,0,0,0
Zotu302,0,0,0,0,0,0,0,0,0,0,0,0,0,0,0,0,0,0,0,0,0,0,0,0,0,0,0,0,0,0,1,48,0,8,27,50,0,0,0,0,0,0,0,0,0,0,0,0,0,0,0,0,0,0,0,0,0,0,0,0,0,0,0,0,0,0,0,0,0,0,0,0
Zotu303,0,0,0,0,0,0,0,0,0,0,0,0,0,0,0,0,0,0,0,0,0,0,0,0,0,0,0,0,0,0,0,13,0,2,4,11,0,0,0,0,0,0,0,0,0,0,0,0,0,0,0,0,0,0,0,0,0,0,0,0,0,0,0,0,0,0,0,0,0,0,0,0
Zotu304,31,1,29,66,1,2,0,0,0,0,171,96,0,1,65,0,0,0,0,0,0,0,0,0,0,0,0,0,0,0,0,0,0,2,13,1,126,6,181,9,3,182,0,0,0,0,0,1,0,0,1,0,0,1,0,0,0,0,0,0,0,0,0,0,0,0,0,0,0,0,0,0
Zotu305,0,0,0,0,0,0,0,0,0,0,0,0,0,0,13,0,20,0,0,0,0,0,0,0,0,7,16,0,0,1,0,0,0,0,0,0,0,0,0,0,0,0,5,0,0,0,0,0,0,0,1,0,0,0,3,1,0,0,0,0,0,0,0,0,0,0,0,0,0,0,0,0
Zotu306,0,0,0,0,0,0,0,0,0,0,0,0,0,0,0,0,0,0,0,0,0,0,0,0,0,0,0,0,0,0,0,7,0,10,34,34,0,0,0,0,0,0,0,0,0,0,0,0,0,2,0,0,1,0,0,0,0,0,0,0,0,0,0,0,0,0,0,0,0,0,0,0
Zotu307,0,5,1,0,1,0,2002,1955,768,198,0,0,7,0,2,16,4,8,26,11,185,195,2,40,58,264,88,32,130,336,1,1,0,0,0,0,0,2,0,0,0,0,492,4,59,0,97,2,9,3,0,7,3,19,1570,1208,554,448,158,328,1,3,0,0,0,0,18,0,525,0,1,157
Zotu308,0,0,0,0,0,0,0,0,0,0,0,0,0,0,0,0,0,0,0,0,0,0,0,0,0,0,0,0,0,0,0,0,0,1,20,26,0,0,0,0,0,0,0,0,0,0,0,0,0,0,0,0,0,0,0,0,0,0,0,0,0,0,0,0,0,0,0,0,0,0,0,0
Zotu309,3,5,5,4,0,4,4,11,1,2,4,3,0,0,0,4,1,1,14,13,1,3,1,4,16,10,2,3,4,14,2194,18755,5,5244,7827,7563,8,6,9,11,2,2,1,1,0,1,1,4,2,3,3,5,2,5,4,10,1,2,0,4,1,1,5,3,0,1,2,2,0,1,0,1
Zotu31,1,1,5,0,9,0,375,224,149,156,0,2,392,1,6,281,181,94,49,282,886,620,11,817,0,12,7,16,12,8,1,1,0,10,1,0,1,9,0,2,0,0,584,287,651,0,226,95,440,49,63,78,15,69,199,196,152,86,193,85,251,273,17,69,2,3,146,62,178,139,194,158
Zotu310,0,0,0,0,0,0,0,0,0,0,0,0,0,0,0,0,0,0,0,0,0,0,0,0,0,0,0,0,0,0,0,8,0,1,4,42,0,0,0,0,0,0,0,0,0,0,0,0,0,0,0,0,0,0,0,0,0,0,0,0,0,0,0,0,0,0,0,0,0,0,0,0
Zotu311,0,0,0,0,0,0,0,7,6,2,0,0,0,0,1,0,0,0,2,0,0,0,0,0,0,0,0,0,0,0,0,1,0,0,1,0,0,1,0,1,0,0,0,0,0,0,0,0,2,6,9,4,3,6,0,0,0,0,1,2,5,2,0,4,0,1,0,0,0,0,0,0
Zotu312,0,0,0,1,0,0,0,0,0,0,0,0,0,0,0,0,0,0,0,0,0,0,0,0,0,0,0,0,0,0,2,14,0,5,16,54,0,0,0,0,0,0,0,0,0,0,0,0,0,0,0,0,0,0,0,0,0,0,0,0,0,0,0,0,0,0,0,0,0,0,0,0
Zotu313,0,0,0,0,0,0,0,0,0,0,0,0,0,0,0,0,0,0,0,0,0,0,0,0,0,0,0,0,0,0,0,0,0,0,40,23,0,0,0,0,0,0,0,0,0,0,0,0,0,0,0,0,0,0,0,0,0,0,0,0,0,0,0,0,0,0,0,0,0,0,0,0
Zotu314,0,0,0,0,0,0,0,0,0,0,0,0,0,0,0,0,0,0,0,0,0,0,0,0,0,0,0,0,0,0,0,0,0,1,25,17,0,0,0,0,0,0,0,0,0,0,0,0,0,0,0,0,0,0,0,0,0,0,0,0,0,0,0,0,0,0,0,0,0,0,0,0
Zotu315,0,0,0,0,7,0,0,1,5,0,0,0,0,0,0,1,5,1,1,1,0,0,9,3,4,0,2,0,0,3,0,0,0,0,0,0,5,2,3,13,93,5,0,0,1,2,0,4,0,4,0,0,0,0,0,0,0,0,0,0,1,0,0,3,5,0,0,0,0,0,0,0
Zotu316,0,1,0,1,2,1,0,0,1,3,1,0,0,0,0,0,0,0,1,0,0,0,0,0,1,0,0,0,0,1,0,0,0,0,0,0,17,39,12,49,179,16,0,1,0,0,0,0,5,8,7,5,4,12,0,0,0,0,0,0,0,0,2,1,1,0,0,0,0,0,0,0
Zotu317,1,0,0,0,2,19,0,0,0,0,0,0,0,0,0,0,0,0,0,0,0,0,0,0,0,0,0,0,0,0,0,0,0,8,6,3,2,0,0,12,0,1,0,0,0,0,0,0,0,0,1,0,0,0,0,0,0,0,0,0,0,0,0,0,1,0,0,0,0,0,0,0
Zotu318,0,0,0,1,1,0,0,2,1,1,1,0,0,0,1,0,0,0,1,0,0,0,0,0,0,0,0,0,0,0,0,0,0,0,0,0,0,0,0,0,0,1,0,0,0,0,0,1,4,2,8,3,2,11,0,0,0,2,1,3,4,0,0,1,0,0,0,0,0,0,0,0
Zotu319,0,0,0,0,0,0,0,0,0,0,0,0,0,0,0,0,0,0,0,0,0,0,0,0,0,0,0,0,0,0,0,6,0,5,53,52,0,0,0,0,0,0,0,0,0,0,0,0,0,0,0,0,0,0,0,0,0,0,0,0,0,0,0,0,0,0,0,0,0,0,0,0
Zotu32,0,0,3,0,12,8,0,2,0,0,0,0,0,0,7,8,186,7,48,20,24,5,469,54,758,538,277,64,77,555,0,1,0,2,0,0,15,19,11,15,3,30,0,3,2,1,0,9,0,1,1,0,0,1,0,0,0,0,0,0,0,12,4,23,6,2,0,4,0,7,0,3
Zotu320,5,6,2,5,2,2,5,7,1,2,0,3,1,3,2,6,2,2,19,16,0,2,4,9,27,17,6,1,4,6,2286,22532,5,6303,9740,8827,8,7,5,20,1,6,3,3,1,5,4,6,2,4,4,5,3,6,4,11,2,3,1,2,0,1,3,5,0,0,1,0,0,0,4,2
Zotu321,0,0,0,0,0,0,1,1,0,1,0,0,0,0,0,0,0,0,0,0,0,0,0,0,0,0,0,0,0,0,0,0,0,0,0,0,0,1,0,0,0,0,0,0,0,0,0,0,0,0,2,5,2,1,0,0,3,3,1,2,2,0,0,0,0,0,0,0,0,0,0,0
Zotu322,1124,107,571,289,1128,767,15,315,154,165,148,95,0,647,872,1,0,1980,876,18,2,2,1478,2,4,1,3,0,0,7,0,75,1,568,613,109,703,627,225,454,94,378,1,18,6,1091,7,49,6,111,144,0,30,3,1,3,298,365,649,371,1128,335,663,491,183,24,0,0,0,2,0,0
Zotu323,0,0,0,0,0,0,0,0,0,0,0,0,0,0,0,0,0,0,0,0,0,0,0,0,0,0,0,0,0,0,0,0,0,0,0,0,0,18,11,18,72,11,0,0,0,0,0,0,0,0,4,0,4,0,0,0,0,0,0,0,0,0,0,0,0,0,0,0,0,0,0,0
Zotu324,0,0,1,0,0,0,0,3,0,5,0,0,0,0,0,0,0,4,0,0,0,0,0,0,0,0,0,0,0,0,0,0,0,0,0,0,0,0,0,2,0,0,0,0,0,1,0,0,0,5,3,7,0,4,0,0,1,1,2,6,5,1,1,2,0,0,0,0,0,0,0,0
Zotu325,0,0,0,0,0,0,0,0,0,0,0,0,0,0,8,0,16,0,1,0,0,0,0,0,0,5,19,0,0,0,0,0,0,0,0,0,0,0,0,1,0,0,1,1,0,0,0,0,0,0,1,0,0,0,2,1,0,0,0,0,0,0,0,0,0,0,0,0,0,0,0,0
Zotu326,4,21,32,6,25,30,0,1,0,5,10,2,0,8,1,0,0,0,17,0,0,0,6,0,0,0,0,0,0,0,1,5,0,20,9,4,8,19,15,25,19,14,0,0,0,8,0,17,3,30,27,10,29,21,0,0,0,0,0,0,0,0,17,30,8,7,0,0,0,0,0,0
Zotu327,9,44,35,12,63,45,0,0,0,16,10,5,0,7,3,0,0,0,41,1,1,0,17,0,0,0,0,0,0,0,0,10,0,41,19,9,15,31,21,60,39,18,0,1,0,10,0,40,4,49,50,13,48,31,0,0,0,0,0,0,0,0,33,39,4,22,0,0,0,0,0,0
Zotu328,0,12,2,0,1,1,1,6,4,2,1,0,0,0,5,0,0,4,8,0,0,0,0,0,1,1,0,0,0,0,0,0,0,0,0,0,0,3,0,0,0,0,0,0,0,0,0,0,0,0,0,0,0,0,0,0,9,5,4,11,0,0,0,0,0,0,0,0,0,0,0,0
Zotu329,0,0,0,0,0,0,0,0,0,0,0,0,0,0,0,0,0,0,0,0,0,0,0,0,0,0,0,0,0,0,1,10,0,3,9,11,0,0,0,0,0,0,0,0,0,0,0,0,0,0,0,0,0,0,0,0,0,0,0,0,0,0,0,0,0,0,0,0,0,0,0,0
Zotu33,6,0,9,6,31,407,0,0,0,0,0,0,0,0,0,5,0,0,5,2,0,0,0,1,1,0,0,0,1,0,67,1123,0,291,552,314,34,5,1,284,0,23,0,0,0,0,0,0,0,278,27,1,153,15,0,0,0,0,0,0,0,0,2,0,0,0,0,0,1,0,0,1
Zotu330,0,0,0,0,0,0,0,0,0,0,0,0,0,0,0,0,0,0,0,0,0,0,0,0,0,0,0,0,0,0,0,12,0,9,10,25,0,0,0,0,0,0,0,0,0,0,0,0,0,0,0,0,1,0,0,0,0,0,0,0,0,0,0,0,0,0,0,0,0,0,0,0
Zotu331,0,0,0,0,0,0,0,0,0,0,0,0,0,0,0,0,0,0,0,0,0,0,0,0,0,0,0,0,0,0,0,10,0,24,21,33,0,0,0,0,0,0,0,0,0,0,0,0,0,0,0,0,1,0,0,0,0,0,0,0,0,0,0,0,0,0,0,0,0,0,0,0
Zotu332,0,0,0,0,0,0,0,0,0,0,0,0,0,0,0,0,0,0,0,0,0,0,0,0,0,0,0,0,0,0,1,27,0,2,1,21,0,0,0,0,0,0,0,0,0,0,0,0,0,0,0,0,0,0,0,0,0,0,0,0,0,0,0,0,0,0,0,0,0,0,0,0
Zotu333,0,1,3,0,3,0,1,1,4,15,0,0,0,0,0,0,0,0,15,1,0,0,0,0,0,0,0,0,0,0,0,0,0,4,0,0,2,4,0,1,0,0,0,1,0,0,0,13,23,57,68,54,21,71,0,1,0,0,0,0,1,0,3,17,2,4,0,0,0,0,0,0
Zotu334,0,1,2,0,1,0,588,566,235,63,0,0,7,0,2,4,1,1,11,3,56,56,2,12,13,74,32,13,32,74,0,0,0,0,0,0,0,0,0,0,0,1,157,4,17,0,19,0,4,0,0,2,0,4,423,348,145,127,52,82,2,0,0,0,0,0,11,0,161,0,1,52
Zotu335,22,1,13,6,26,13,0,5,5,3,2,2,0,13,15,0,0,44,14,0,2,0,37,0,0,0,0,0,0,0,0,0,0,11,11,1,5,9,5,6,4,7,0,1,0,17,0,1,0,2,2,0,0,0,0,0,4,9,18,8,19,5,12,8,5,0,0,0,0,0,0,0
Zotu336,0,0,0,0,0,9,0,1,0,0,0,0,1,0,1,0,0,0,0,0,0,0,0,0,0,0,0,0,0,0,0,2,0,13,12,10,2,0,1,9,0,1,0,0,0,1,0,0,0,5,1,0,6,3,0,0,0,0,0,0,0,0,0,0,0,0,0,0,0,0,0,0
Zotu337,0,0,0,0,0,6,0,0,0,0,0,0,0,0,0,0,0,0,0,0,0,0,0,0,0,0,0,0,0,0,0,0,0,3,35,21,0,0,0,1,0,0,0,0,0,0,0,0,0,0,0,0,0,0,0,0,0,0,0,0,0,0,0,0,0,0,0,0,0,0,0,0
Zotu338,0,0,0,0,0,0,0,0,0,0,0,0,0,0,0,0,0,0,0,0,0,0,0,0,0,0,0,0,0,0,0,3,0,5,51,69,0,0,0,0,0,0,0,0,0,0,0,0,0,0,0,0,0,0,0,0,0,0,0,0,0,0,0,0,0,0,0,0,0,0,0,0
Zotu339,0,0,0,0,0,0,0,0,0,0,0,0,0,0,0,0,0,0,0,0,0,0,0,0,0,0,0,0,0,0,1,11,0,1,3,20,0,0,0,0,0,0,0,0,0,0,0,0,0,0,0,0,0,0,0,0,0,0,0,0,0,0,0,0,0,0,0,0,0,0,0,0
Zotu34,3,0,9,6,21,351,0,0,0,0,0,0,0,0,0,2,0,0,0,0,0,0,0,0,4,0,1,0,0,1,56,905,0,224,488,227,31,5,4,269,0,15,0,0,0,0,0,1,0,236,25,0,112,12,0,0,0,0,0,0,0,0,0,0,0,0,0,0,0,0,0,0
Zotu340,0,0,0,0,0,0,0,0,0,0,0,0,0,0,0,0,0,0,0,0,0,0,0,0,0,0,0,0,0,0,1,4,0,6,14,32,0,0,0,0,0,0,0,0,0,0,0,0,0,1,0,0,1,0,0,0,0,0,0,0,0,0,0,0,0,0,0,0,0,0,0,0
Zotu341,2,0,3,2,0,0,0,0,0,0,17,5,0,1,1,0,0,0,0,0,0,0,0,0,0,0,0,0,0,0,0,0,0,1,0,0,16,0,15,0,1,15,0,0,0,0,0,0,0,0,0,0,0,0,0,0,0,0,0,0,0,0,0,0,0,0,0,0,0,0,0,0
Zotu342,0,0,0,9,2,7,0,0,0,0,1,0,0,0,0,0,0,0,1,0,0,0,0,0,0,0,0,0,0,0,0,1,0,10,4,5,1,1,0,10,0,1,0,0,0,0,0,0,0,2,2,0,1,0,0,0,0,1,0,0,1,0,0,0,0,0,0,0,0,0,0,0
Zotu343,0,0,0,0,1,17,0,0,0,0,0,0,0,0,0,0,0,0,0,0,0,0,0,0,0,0,0,0,0,0,0,0,0,10,2,4,1,0,0,3,0,1,0,0,0,0,0,0,0,0,0,0,4,0,0,0,0,0,0,0,0,0,0,0,0,0,0,0,0,0,0,0
Zotu344,0,0,0,14,0,1,0,0,0,0,0,0,0,0,0,0,0,0,0,0,0,0,1,0,0,0,0,0,0,0,0,1,0,8,48,28,0,0,0,1,0,0,0,0,0,0,0,0,0,0,0,0,0,0,0,0,0,0,0,0,0,0,0,0,0,0,0,0,0,0,0,0
Zotu345,0,0,0,0,0,0,0,0,0,0,0,0,0,0,0,0,0,0,0,0,0,0,0,0,0,0,0,0,0,0,0,3,0,2,22,34,0,0,0,0,0,0,0,0,0,0,0,0,0,0,0,0,0,0,0,0,0,0,0,0,0,0,0,0,0,0,0,0,0,0,0,0
Zotu346,0,0,0,0,0,0,0,0,0,0,0,0,0,0,0,0,0,0,0,0,0,0,0,0,0,0,0,0,0,0,0,3,0,5,28,19,0,0,0,0,0,0,0,0,0,0,0,0,0,0,0,0,1,0,0,0,0,0,0,0,0,0,0,0,0,0,0,0,0,0,0,0
Zotu347,0,0,0,0,0,0,0,0,0,0,0,0,0,0,0,0,0,0,0,0,0,0,0,0,0,0,0,0,0,0,3,40,0,6,19,62,0,0,0,0,0,0,0,0,0,0,0,0,0,0,0,0,0,0,0,0,0,0,0,0,0,0,0,0,0,0,0,0,0,0,0,0
Zotu348,0,0,0,0,0,0,0,0,0,0,0,0,0,0,0,0,0,0,0,0,0,0,0,0,0,0,0,0,0,0,0,18,0,2,0,17,0,0,0,0,0,0,0,0,0,0,0,0,0,0,0,0,0,0,0,0,0,0,0,0,0,0,0,0,0,0,0,0,0,0,0,0
Zotu349,0,0,0,0,0,0,0,0,0,0,0,0,0,0,0,0,0,0,0,0,0,0,0,0,0,0,0,0,0,0,0,6,0,0,9,24,0,0,0,0,0,0,0,0,0,0,0,0,0,0,0,0,0,0,0,0,0,0,0,0,0,0,0,0,0,0,0,0,0,0,0,0
Zotu35,0,0,0,0,0,0,0,0,0,0,0,0,0,0,0,0,0,0,0,0,0,0,0,0,0,11,0,0,2,2,7,473,0,126,893,1022,0,0,0,0,0,0,0,0,0,0,0,0,0,6,0,0,8,0,0,0,0,0,0,0,0,0,0,0,0,0,0,0,0,0,0,0
Zotu350,0,0,0,1,0,0,0,1,0,0,0,0,0,0,0,0,0,0,0,0,0,0,0,0,0,0,0,0,0,0,3,32,0,9,37,74,0,0,0,0,0,0,0,0,0,0,0,0,0,0,0,0,0,0,0,0,0,0,0,0,0,0,0,0,0,0,0,0,0,0,0,0
Zotu351,0,0,0,0,0,0,0,0,0,0,0,0,0,0,0,0,0,0,0,0,0,0,0,0,0,0,0,0,0,0,0,18,0,1,6,24,0,0,0,0,0,0,0,0,0,0,0,0,0,0,0,0,0,0,0,0,0,0,0,0,0,0,0,0,0,0,0,0,0,0,0,0
Zotu352,0,0,1,0,0,1,0,7,4,5,0,0,0,0,0,0,0,3,1,0,0,0,0,0,0,0,0,0,0,0,0,0,0,0,0,0,0,0,0,1,0,0,0,0,0,0,0,1,6,2,8,6,1,5,0,0,6,3,4,4,7,0,0,1,0,0,0,0,0,1,0,0
Zotu353,0,0,0,1,0,0,0,0,0,0,0,0,0,0,0,0,0,0,0,0,0,0,0,0,0,0,0,0,0,0,1,6,0,1,6,40,0,0,0,0,0,0,0,0,0,0,0,0,0,0,0,0,0,0,0,0,0,0,0,0,0,0,0,0,0,0,0,0,0,0,0,0
Zotu354,0,0,0,0,0,0,0,0,0,0,0,0,0,0,0,0,0,0,0,0,0,0,0,0,0,0,0,0,0,0,1,12,0,1,6,23,0,0,0,0,0,0,0,0,0,0,0,0,0,0,0,0,0,0,0,0,0,0,0,0,0,0,0,0,0,0,0,0,0,0,0,0
Zotu355,0,0,0,0,0,0,0,0,0,0,0,0,0,0,0,0,0,0,0,0,0,0,0,0,0,0,0,0,0,0,2,74,0,1,42,98,0,0,0,0,0,0,0,0,0,0,0,0,0,0,0,0,0,0,0,0,0,0,0,0,0,0,0,0,0,0,0,0,0,0,0,0
Zotu356,0,0,0,0,2,17,0,0,0,0,0,0,0,0,0,0,0,0,0,0,0,0,0,0,0,0,0,0,0,0,0,0,0,10,2,7,2,0,0,5,0,0,0,0,0,0,0,0,0,1,0,0,0,0,0,0,0,0,0,0,0,0,0,0,0,0,0,0,0,0,0,0
Zotu358,0,0,0,0,0,0,0,0,0,0,0,0,0,0,0,0,0,0,0,0,0,0,0,0,0,0,0,0,0,0,2,6,0,0,7,16,0,0,0,0,0,0,0,0,0,0,0,0,0,0,0,0,0,0,0,0,0,0,0,0,0,0,0,0,0,0,0,0,0,0,0,0
Zotu359,0,0,0,0,0,7,0,0,0,0,0,0,0,0,0,0,0,0,0,0,0,0,0,0,0,0,0,0,0,0,0,1,0,12,7,2,3,0,0,9,0,0,0,0,0,0,0,0,0,2,3,0,0,0,0,0,0,0,0,0,0,0,0,0,0,0,0,0,0,0,0,0
Zotu36,0,0,2,0,3,0,2,5,28,2,0,0,0,0,0,0,0,0,29,0,0,0,0,0,45,603,677,447,425,1078,0,0,0,0,0,1,0,0,0,0,0,0,0,0,0,0,0,0,4,1,3,15,0,5,0,0,0,0,0,0,0,0,0,0,0,0,0,0,0,0,0,0
Zotu360,0,0,0,0,0,0,0,0,0,0,0,0,0,0,0,0,0,2,0,0,0,0,0,0,2,12,4,0,0,5,0,0,0,0,0,0,0,0,0,0,0,0,0,0,0,0,0,0,0,0,0,0,0,0,0,1,0,0,0,0,0,0,0,0,0,0,0,0,0,0,0,0
Zotu361,0,0,0,2,0,0,0,0,0,0,0,0,0,0,0,0,0,0,0,0,0,0,0,0,0,0,0,0,0,0,0,0,0,0,7,3,1,0,0,2,0,5,0,0,0,0,0,0,0,0,0,0,0,0,0,0,0,0,0,0,0,0,0,0,0,0,0,0,0,0,0,0
Zotu362,0,0,0,0,0,0,0,0,3,0,0,0,84,0,3,0,0,0,0,0,0,0,0,0,0,0,0,0,0,1,0,0,0,0,0,0,0,0,0,0,0,0,0,0,0,0,0,7,0,0,0,0,0,0,0,0,0,0,0,0,0,0,0,0,0,0,0,0,0,0,0,0
Zotu363,0,0,0,0,0,0,0,0,0,0,0,0,0,0,0,0,0,0,0,0,0,0,0,0,0,0,0,0,0,0,1,12,0,0,4,12,0,0,0,0,0,0,0,0,0,0,0,0,0,0,0,0,0,0,0,0,0,0,0,0,0,0,0,0,0,0,0,0,0,0,0,0
Zotu364,0,0,0,0,0,0,0,0,0,0,0,0,0,0,0,0,0,0,0,0,0,0,0,0,0,0,0,0,0,0,0,3,0,6,12,26,0,0,0,0,0,0,0,0,0,0,0,0,0,0,0,0,0,0,0,0,0,0,0,0,0,0,0,0,0,0,0,0,0,0,0,0
Zotu365,0,0,0,0,0,0,0,0,0,0,0,0,0,0,0,0,0,0,1,1,0,0,0,0,0,0,0,0,0,0,1,26,0,1,15,89,0,0,0,0,0,0,0,0,0,0,0,0,0,0,0,0,0,0,0,0,0,0,0,0,0,0,0,0,0,0,0,0,0,0,0,0
Zotu366,0,0,4,0,1,1,0,18,12,3,0,0,0,1,2,0,0,34,7,0,0,0,0,0,0,0,0,0,0,0,0,0,0,1,0,0,0,3,2,2,0,0,0,1,0,0,0,0,0,4,6,0,0,0,0,1,15,17,23,22,63,19,6,6,0,1,0,0,0,0,0,0
Zotu367,0,0,0,0,0,0,0,5,1,0,0,0,0,0,0,0,0,2,1,0,0,0,0,0,0,0,0,0,0,0,0,0,0,0,0,0,0,2,0,0,0,0,0,0,0,1,0,0,2,7,4,7,1,2,0,0,4,2,0,3,4,1,0,2,0,0,0,0,0,0,0,0
Zotu368,0,0,0,0,0,0,0,0,0,0,0,0,0,0,0,0,0,0,0,0,0,0,0,0,0,0,0,0,0,0,0,4,0,4,24,23,0,0,0,0,0,0,0,0,0,0,0,0,0,0,0,0,0,0,0,0,0,0,0,0,0,0,0,0,0,0,0,0,0,0,0,0
Zotu37,0,0,1,1,9,1,1,1,2,0,0,0,0,0,5,7,123,4,21,20,18,5,419,29,521,407,196,40,49,387,0,0,0,0,0,0,7,12,7,13,2,18,0,0,0,1,0,1,0,1,2,0,0,0,0,0,0,0,0,0,2,6,2,16,3,0,0,2,0,6,0,2
Zotu38,1,96,14,1,13,4,291,268,269,213,23,3,8,4,54,74,68,29,109,5,25,84,45,11,479,599,608,104,73,584,0,0,0,0,1,0,0,11,0,2,0,0,122,0,28,0,240,6,4,3,0,1,1,0,444,579,351,179,164,80,1,1,1,2,0,0,37,0,100,0,0,141
Zotu39,0,55,6,0,16,1,220,203,203,135,18,4,7,0,44,61,45,26,72,3,20,80,37,10,334,459,482,55,52,409,0,0,0,0,0,0,0,3,0,2,0,0,101,2,39,1,187,0,0,0,0,2,0,1,281,395,237,113,113,73,0,0,0,2,0,0,22,0,82,0,2,79
Zotu4,8,11,78,2,120,16,7135,3935,2492,2557,10,31,7878,13,106,4996,3064,1763,834,4834,16740,11991,343,14752,14,210,92,316,314,97,5,17,0,142,36,1,13,114,4,42,7,17,10549,5395,11235,38,4207,1692,7742,1157,1250,1250,393,1610,3786,3190,2723,1913,3635,1576,4300,5096,312,1161,46,33,2551,1307,3319,2961,3669,2954
Zotu40,11,2,14,4,72,29,1,18,38,1,4,2,0,0,17,7,98,18,5,16,5,0,113,46,152,8,10,5,10,29,0,0,0,0,4,0,44,82,76,265,1719,122,6,3,42,15,25,32,7,32,6,12,16,3,2,1,1,0,0,1,8,17,2,85,27,2,0,0,0,0,0,0
Zotu41,0,1,6,0,3,1,309,186,113,135,1,2,369,0,5,210,128,80,41,238,805,489,6,675,0,13,1,13,6,2,0,2,0,8,0,0,0,8,0,1,0,1,523,267,501,2,184,74,359,54,52,82,12,74,166,138,132,94,174,67,194,233,14,53,2,1,116,64,157,129,184,131
Zotu42,0,0,0,0,0,0,0,0,0,0,0,0,0,0,0,0,0,0,0,0,0,0,0,0,2,4,0,0,0,0,9,368,0,87,705,803,0,0,0,1,0,3,0,0,0,0,0,0,0,7,0,0,3,0,0,0,0,0,0,0,0,0,0,0,0,0,0,0,0,0,0,0
Zotu43,0,0,1,0,4,0,7,1,19,1,0,0,0,0,0,0,1,0,17,2,0,0,0,0,42,485,484,338,358,791,0,0,0,0,0,0,0,0,0,0,0,0,0,0,1,0,0,0,4,2,0,15,0,3,0,0,0,0,0,0,0,0,0,0,0,0,0,0,0,0,0,0
Zotu44,0,0,2,0,1,0,154,103,57,57,0,0,185,0,4,127,66,27,25,101,389,299,10,302,1,1,3,8,6,2,0,2,0,4,1,0,0,2,0,2,0,0,224,118,274,0,111,28,167,16,30,38,8,43,75,73,72,29,86,33,100,111,5,26,3,0,66,41,75,68,91,74
Zotu45,0,0,4,1,3,1,1,0,0,0,0,0,0,0,6,2,117,4,16,17,19,5,292,25,490,314,169,41,46,279,0,0,0,0,0,0,6,10,8,7,5,10,0,4,2,0,0,3,1,2,0,0,0,1,0,0,0,0,0,0,1,2,2,11,3,1,0,0,0,0,0,4
Zotu46,1,0,0,1,3,0,0,2,1,0,0,0,0,0,0,2,35,1,36,14,34,2,492,36,548,448,184,73,46,385,0,0,0,0,2,0,5,14,6,12,3,7,0,0,3,0,0,7,0,7,0,0,1,0,0,0,0,0,0,0,1,1,0,6,4,1,0,0,0,0,0,1
Zotu47,1,1,3,2,21,19,9,7,10,0,0,0,0,4,29,1,0,0,8,10,0,1,221,0,54,35,15,1,1,23,0,0,0,0,8,0,173,340,140,866,1298,168,5,4,18,8,6,21,8,46,6,6,9,9,0,0,1,0,3,0,7,18,0,48,13,0,0,0,0,0,0,0
Zotu48,8,0,12,4,46,28,3,10,31,0,1,0,0,2,15,2,77,15,9,9,4,0,83,40,106,9,4,2,1,17,0,0,0,1,0,0,40,76,49,174,1284,81,4,5,30,13,11,16,8,18,12,5,9,7,2,0,1,0,0,0,3,18,2,64,12,0,0,1,3,0,0,0
Zotu49,0,0,0,3,10,8,3,7,13,0,0,4,0,0,12,29,4,36,18,11,9,23,149,0,67,32,7,1,1,25,0,0,0,0,11,0,147,261,74,620,1362,96,0,2,6,8,45,14,1,31,8,8,2,3,1,0,2,0,1,0,3,2,0,32,1,1,0,0,0,6,0,0
Zotu5,39,1797,187,24,260,73,5760,5450,5515,3697,484,50,185,45,993,1643,1293,555,2426,69,538,1989,938,250,10030,12103,11838,1897,1827,11924,5,5,0,15,6,0,2,145,1,32,20,4,2481,28,942,17,5112,77,29,32,13,10,12,59,8135,10875,6790,3596,3022,1905,14,22,14,20,0,3,784,4,2197,10,7,2388
Zotu50,1,1,0,1,15,7,4,7,8,0,2,0,0,5,12,0,0,0,2,6,0,0,147,0,32,19,4,0,1,14,0,0,0,0,8,0,140,246,82,681,1003,133,6,3,16,5,6,9,8,27,17,1,5,9,0,0,0,0,1,0,6,16,1,37,10,2,0,0,0,0,0,1
Zotu51,0,0,0,0,0,2,1,2,4,0,0,0,0,0,4,2,24,0,26,8,27,0,344,19,379,311,132,51,37,321,0,0,0,0,0,0,10,12,6,8,1,7,0,0,1,2,0,7,0,4,0,0,1,0,0,0,0,0,0,0,0,2,0,4,5,1,0,0,0,0,0,1
Zotu52,0,0,1,5,7,9,3,5,13,0,1,2,0,1,6,15,3,34,18,11,6,10,94,0,59,23,7,2,2,20,0,0,0,0,7,0,114,201,36,501,1046,76,1,4,3,9,30,13,0,24,6,4,0,5,3,0,2,0,0,0,2,3,0,22,3,2,0,0,0,4,0,1
Zotu53,0,0,0,0,0,0,0,3,17,0,0,0,0,0,0,0,0,0,12,1,0,0,0,0,21,319,426,286,271,637,0,0,0,0,0,0,0,0,0,0,0,0,0,0,0,0,0,0,1,0,0,7,0,0,0,0,0,0,0,0,0,0,0,0,0,0,0,0,0,0,0,0
Zotu54,0,0,0,0,0,0,0,0,0,0,0,0,0,0,0,0,0,0,0,0,0,0,0,0,3,3,0,0,0,2,6,300,1,73,500,599,0,1,0,0,0,0,0,0,0,0,0,1,0,1,0,0,2,0,0,0,0,0,0,0,0,0,0,0,0,0,0,0,0,0,0,0
Zotu55,1,56,4,1,6,1,196,171,168,94,20,3,6,0,28,47,38,15,74,5,18,72,20,6,297,359,341,61,40,350,0,0,0,0,1,0,0,5,0,1,1,0,78,2,31,2,173,2,1,0,1,0,1,4,250,341,181,104,95,59,1,1,0,0,0,0,21,0,73,0,0,70
Zotu56,0,0,0,0,6,3,1,1,1,1,0,0,0,0,5,8,90,5,17,13,8,3,264,17,317,217,155,37,28,205,0,0,0,1,0,0,3,6,1,8,1,8,0,0,0,0,0,2,0,3,5,0,1,1,0,0,0,0,0,0,0,3,2,6,5,1,0,0,0,5,0,0
Zotu57,0,0,0,0,2,0,0,2,16,4,0,0,0,0,0,0,0,0,5,0,0,0,0,1,18,273,343,262,205,478,0,0,0,0,0,0,0,0,0,0,0,0,0,0,0,0,0,0,3,0,1,3,0,8,0,0,0,0,0,1,0,0,0,0,0,0,0,0,0,0,0,0
Zotu58,1,34,4,1,6,1,108,137,90,69,10,0,6,0,20,32,16,6,39,3,10,58,20,2,150,196,203,35,34,223,0,0,0,1,0,0,0,0,0,0,0,0,35,3,11,3,93,0,2,0,0,0,0,1,152,194,125,61,48,32,0,0,0,0,0,0,15,0,26,0,0,30
Zotu59,7,0,14,3,47,18,2,4,23,0,4,2,0,1,4,1,57,14,4,10,3,0,82,22,71,7,5,2,0,13,0,0,2,0,2,0,20,59,28,156,910,81,3,3,19,12,15,11,3,19,7,8,8,1,1,0,0,0,0,0,4,19,3,47,17,1,0,0,0,0,0,1
Zotu6,2,11,69,3,95,12,5665,3211,2071,2157,15,25,6627,12,85,4173,2475,1373,760,4142,13902,9873,260,12173,11,162,87,242,281,87,3,15,0,83,22,1,19,95,6,31,11,16,8706,4617,9483,21,3411,1375,6658,931,1093,1105,328,1324,3029,2799,2230,1506,3108,1335,3627,4305,280,961,43,27,2097,1078,2756,2359,2959,2455
Zotu60,0,0,1,0,2,0,0,2,1,0,0,0,0,0,3,4,66,1,9,6,4,3,196,17,229,200,135,19,29,194,0,0,0,0,0,0,3,9,2,4,2,5,0,0,3,0,0,3,0,0,0,0,0,0,0,0,0,0,0,0,0,1,0,9,3,1,0,0,0,1,0,0
Zotu61,0,0,0,0,0,0,0,0,0,0,0,0,0,0,0,0,0,0,0,0,0,0,0,0,4,4,0,2,0,2,8,215,0,49,359,457,0,0,0,0,0,0,0,1,0,0,0,0,0,4,0,0,2,0,0,0,0,0,0,0,0,0,0,0,0,0,0,0,0,0,0,0
Zotu62,3,0,10,10,18,265,0,0,0,0,0,0,0,0,0,0,0,0,2,0,0,0,0,0,0,0,0,0,0,0,3,68,0,160,208,98,50,2,3,261,0,30,0,1,0,0,0,0,0,219,22,1,177,24,0,0,0,0,0,0,0,0,0,0,0,0,0,0,0,0,0,0
Zotu63,0,0,3,2,1,0,192,86,58,65,0,1,195,0,2,120,82,39,23,142,393,307,8,343,0,2,0,5,10,2,0,1,0,4,1,0,1,4,0,1,0,0,251,104,296,0,110,42,200,24,32,26,7,36,88,70,69,43,98,36,106,139,7,19,1,2,60,41,77,85,88,69
Zotu64,0,3,1,0,7,7,2,7,2,0,0,1,0,1,16,0,0,1,1,5,0,0,110,0,27,14,9,0,0,11,0,0,0,0,2,0,91,182,59,436,748,112,3,0,12,3,4,3,6,15,15,4,4,8,0,0,1,0,0,2,5,7,0,26,13,1,0,0,0,0,0,0
Zotu65,0,1,1,0,0,1,87,60,27,39,0,0,116,0,0,72,41,23,15,75,229,171,6,183,0,2,1,2,2,2,0,0,0,0,1,0,0,1,0,0,1,0,124,61,167,1,55,24,98,18,13,17,9,22,57,45,44,16,51,24,62,67,5,15,0,0,34,19,47,45,63,62
Zotu66,6,3,17,1,44,14,0,1,20,0,3,0,0,3,7,2,45,8,5,7,1,0,58,22,58,4,2,1,2,13,0,0,0,0,0,0,21,49,23,124,688,48,8,1,23,7,8,11,2,22,4,3,6,4,2,0,1,0,0,0,5,16,0,49,11,1,0,0,2,0,0,1
Zotu67,1,0,0,1,1,2,0,0,0,0,0,0,0,0,1,0,18,1,15,7,12,1,237,22,248,202,99,29,18,195,0,0,1,1,0,0,5,3,5,8,2,7,0,0,1,0,0,3,0,2,1,1,1,0,0,0,0,0,0,0,1,0,0,3,1,2,0,0,0,0,0,0
Zotu68,0,0,0,1,2,5,3,3,3,0,0,0,0,3,9,0,0,0,1,3,0,0,105,0,22,17,1,0,0,11,0,0,0,0,4,0,80,135,47,360,519,87,0,1,8,4,2,14,2,11,6,3,5,3,0,0,1,0,0,0,1,15,0,22,1,0,0,1,0,0,0,0
Zotu69,0,0,1,6,8,5,4,5,13,0,0,2,0,0,2,22,3,17,8,10,4,6,66,0,42,18,3,0,2,14,0,0,0,0,3,0,60,141,42,362,716,47,0,2,4,4,25,5,0,9,11,2,1,1,0,0,2,0,0,0,2,1,1,14,2,2,0,1,0,2,0,0
Zotu7,5,11,56,0,56,11,4092,2313,1457,1703,23,33,5263,8,70,3524,2052,1144,486,3221,10139,7938,202,9485,9,115,48,192,165,72,1,11,1,77,14,1,14,65,3,28,3,10,6488,3238,7239,18,2942,1017,4662,642,692,775,217,864,2117,1928,1593,1062,2346,958,2695,3368,219,735,18,18,1702,880,1897,1992,2405,1916
Zotu70,3,1,3,5,15,205,0,0,0,0,0,0,0,0,0,0,0,0,3,0,0,0,0,0,0,0,0,0,0,0,3,63,0,107,148,81,39,6,2,183,0,21,0,0,0,0,0,0,0,162,34,0,131,21,0,0,0,0,0,0,0,0,0,0,0,0,0,0,0,0,0,0
Zotu71,0,0,0,2,0,0,0,0,0,0,0,0,0,0,1,0,8,1,15,10,14,0,200,19,237,199,101,26,23,158,0,0,0,0,1,0,3,4,6,4,2,8,0,0,0,1,0,2,0,0,0,0,0,0,0,0,0,0,0,0,0,0,0,1,0,0,0,0,0,0,0,1
Zotu72,0,0,0,0,0,0,2,1,12,0,0,0,0,0,0,0,0,0,9,0,0,0,0,0,15,201,249,150,127,331,0,0,0,0,0,0,0,0,0,0,0,0,0,0,0,0,0,0,1,0,0,7,0,4,0,0,0,0,0,0,0,0,0,0,0,0,0,0,0,0,0,0
Zotu73,0,0,0,0,0,0,0,0,0,0,0,0,0,0,0,0,0,0,0,0,0,0,0,0,0,6,0,0,0,2,2,165,0,42,319,294,0,0,0,0,0,0,0,0,0,0,0,0,0,4,0,0,0,0,0,0,0,0,0,0,0,0,0,0,0,0,0,0,0,0,0,0
Zotu74,0,0,1,0,8,2,3,2,3,0,1,3,0,0,1,16,2,17,7,4,5,16,50,0,23,14,1,2,1,9,0,0,0,0,5,0,55,112,34,269,554,34,0,1,2,3,18,8,0,9,5,0,0,2,1,0,2,0,0,0,2,1,0,8,2,0,0,0,0,2,0,0
Zotu75,0,0,0,0,8,3,2,4,5,0,2,0,0,3,12,0,0,1,1,8,0,1,92,0,18,6,7,0,0,2,0,0,0,0,2,0,47,124,39,281,426,70,2,0,7,4,4,4,4,9,3,1,2,0,0,0,0,0,1,0,2,8,0,23,4,1,0,0,0,0,0,0
Zotu76,0,0,0,0,0,0,0,2,10,0,0,0,0,0,0,0,0,0,9,2,0,1,0,0,11,171,216,146,124,286,0,0,0,0,0,0,0,0,0,0,0,0,0,0,0,0,0,0,1,0,0,4,0,3,0,0,0,0,0,0,0,0,0,0,0,0,0,0,0,0,0,0
Zotu77,0,1,7,6,15,198,0,0,0,0,0,0,0,0,0,0,0,0,1,0,0,0,0,0,0,0,0,0,0,0,3,25,0,104,135,100,39,4,3,179,0,20,0,0,0,1,0,1,0,138,25,1,127,16,0,0,0,0,0,0,0,0,0,0,0,0,1,0,0,0,0,0
Zotu78,0,0,0,2,0,1,0,0,1,0,0,0,0,0,1,4,38,1,8,7,5,3,139,11,165,120,89,24,22,127,0,0,0,0,0,0,1,1,5,3,1,3,0,2,0,0,0,0,0,0,0,0,0,0,0,0,0,0,0,0,0,2,0,5,2,0,0,0,0,0,0,0
Zotu79,3,2,8,2,23,15,1,9,8,1,2,0,0,1,6,1,28,4,4,8,2,0,46,14,39,3,3,4,1,4,0,0,0,1,0,0,12,36,22,111,502,37,2,2,13,5,6,12,4,10,2,2,6,4,2,0,0,0,0,0,4,4,1,21,12,0,0,0,1,0,0,0
Zotu8,14,1283,118,17,199,34,3884,3716,3724,2529,324,44,134,19,678,1152,854,395,1680,50,349,1396,637,175,6628,8264,8031,1261,1212,8188,2,4,0,3,5,2,2,80,0,27,12,2,1670,27,650,11,3573,34,16,23,7,12,14,39,5714,7487,4722,2357,2080,1314,10,11,6,22,2,3,545,4,1630,8,7,1642
Zotu80,0,0,3,0,0,0,107,40,30,44,0,1,108,0,1,76,47,28,9,73,226,190,4,201,0,3,2,6,4,4,0,0,0,2,0,1,0,0,0,0,0,0,145,62,169,0,53,13,103,11,12,11,1,22,51,44,39,17,43,27,62,70,3,17,0,0,30,14,37,53,51,49
Zotu81,0,0,0,0,0,0,0,0,1,0,0,0,0,0,1,2,28,1,9,11,6,1,118,11,163,86,64,14,12,103,0,0,0,0,0,0,4,5,1,2,2,6,0,0,0,1,0,1,0,0,1,0,1,0,0,0,0,0,0,0,0,0,0,5,0,0,0,1,0,1,0,0
Zotu82,8,2,22,7,44,19,45,11,96,0,0,0,0,1,6,61,0,22,1,1,0,0,51,0,5,0,0,0,0,2,1,0,0,2,4,0,14,44,28,55,123,75,2,2,14,11,36,11,3,34,8,2,9,1,0,0,0,0,0,3,1,0,0,5,1,0,0,0,3,0,0,0
Zotu83,0,0,0,1,5,4,3,1,6,0,0,1,0,0,2,18,1,17,1,2,2,7,48,0,31,8,3,1,1,13,0,0,0,0,4,0,48,99,23,214,418,24,0,0,1,3,31,8,0,6,6,3,0,2,0,0,0,0,0,0,2,0,1,12,0,0,0,0,0,1,0,0
Zotu84,0,0,0,1,0,0,0,0,0,0,0,0,0,0,0,0,0,0,0,0,0,0,0,0,5,1,0,0,0,1,2,131,0,37,224,251,0,0,0,0,0,0,0,0,0,0,0,0,0,1,0,0,0,0,0,0,0,0,0,0,0,0,0,0,0,0,0,0,0,0,0,0
Zotu85,1,0,0,0,1,0,0,0,0,0,0,0,0,0,2,0,13,1,10,5,9,2,172,10,127,112,73,15,9,103,0,0,0,0,0,0,3,5,3,5,2,3,0,0,0,2,1,3,0,2,0,0,0,0,0,0,0,0,0,0,0,0,0,3,1,0,0,0,0,0,0,0
Zotu86,0,20,1,0,4,0,83,85,83,70,8,2,4,1,11,18,12,12,42,0,11,22,13,2,113,146,176,23,21,154,0,0,0,0,0,1,0,2,0,0,0,0,29,0,16,0,69,0,0,1,0,0,0,1,111,165,109,31,50,32,0,0,0,0,0,0,14,0,19,0,0,33
Zotu87,0,0,0,0,5,5,1,0,1,0,0,0,0,2,7,0,0,0,2,3,0,0,51,0,14,6,4,1,0,4,0,0,0,0,4,0,33,93,28,217,303,48,0,1,6,3,6,7,2,14,6,2,5,0,0,0,0,0,2,1,4,9,1,12,6,0,0,0,0,0,0,0
Zotu88,0,0,2,4,10,140,0,0,0,0,0,0,1,0,1,0,0,0,3,0,0,0,0,0,0,0,0,0,0,0,2,18,0,92,81,64,26,3,4,127,0,18,0,0,0,0,0,0,0,119,25,0,72,13,0,0,0,0,0,0,0,0,0,0,0,0,0,0,0,0,0,0
Zotu89,14,0,24,7,53,18,58,19,99,0,0,0,0,0,8,70,0,13,2,0,0,0,41,0,2,0,0,0,0,0,1,0,0,1,1,1,18,34,28,52,120,72,2,1,15,17,33,7,5,32,10,0,3,4,1,0,0,0,0,1,3,0,0,9,0,1,0,0,1,1,0,0
Zotu9,1,6,33,3,43,10,3363,1777,1183,1369,5,19,4454,12,55,2759,1689,920,426,2714,8315,6447,166,7671,11,85,51,154,148,51,4,9,0,60,13,1,13,64,6,17,7,4,5240,2630,6141,17,2315,851,3873,525,635,644,190,743,1791,1621,1339,898,1904,787,2339,2808,190,568,27,21,1423,738,1610,1669,1924,1630
Zotu90,1,0,7,10,11,146,0,0,0,0,0,0,0,0,0,0,0,0,3,0,0,0,0,0,0,0,0,0,0,0,4,27,0,81,84,38,26,1,0,115,0,15,0,0,0,0,0,0,0,116,26,0,80,11,0,0,0,0,0,0,0,0,0,0,0,0,0,0,0,0,0,0
Zotu91,0,0,1,4,5,140,0,0,0,0,0,0,0,0,0,0,0,0,0,0,0,0,0,0,0,0,0,0,0,0,2,37,0,74,87,55,17,3,0,111,0,11,0,0,0,0,0,0,0,86,15,2,61,10,0,0,0,0,0,0,0,0,0,0,0,0,0,0,0,0,0,0
Zotu92,0,16,5,0,1,0,55,58,60,28,9,1,1,1,12,18,12,5,25,1,8,33,3,5,91,117,165,21,13,109,0,0,0,0,0,0,0,2,0,0,0,0,19,0,12,0,59,1,0,1,0,1,0,0,95,105,74,27,30,12,0,0,0,0,0,0,15,0,27,0,0,23
Zotu93,1,0,0,0,0,1,0,1,0,0,0,0,0,0,0,0,14,0,3,5,7,0,137,7,112,89,56,17,12,81,0,0,0,0,0,0,2,7,2,5,2,2,0,0,0,1,0,2,0,1,0,0,0,0,0,0,0,0,0,0,1,0,0,1,3,0,0,0,0,0,0,0
Zotu94,2,0,3,1,17,6,2,3,10,0,3,0,0,0,4,2,13,5,1,2,4,0,43,11,32,1,3,0,2,7,0,0,0,0,2,0,12,28,16,63,408,36,0,1,9,3,7,2,1,6,5,1,6,1,1,0,0,0,0,0,4,8,0,20,7,0,0,0,0,0,0,1
Zotu95,0,0,0,0,0,3,0,0,0,0,0,1,0,0,0,0,64,0,9,8,0,0,116,0,52,191,49,3,9,260,0,0,0,0,0,0,21,23,8,12,29,7,0,0,0,0,0,3,0,0,0,0,1,0,0,0,0,0,0,0,0,0,0,0,0,0,0,0,0,0,0,0
Zotu96,0,0,0,0,3,0,58,18,21,19,0,1,56,0,0,40,23,5,4,33,130,97,3,94,0,0,0,1,1,0,0,0,0,1,0,0,1,1,0,0,0,0,75,34,80,0,29,12,59,8,8,8,2,6,18,22,21,14,26,7,29,30,2,11,0,0,22,10,33,13,29,27
Zotu97,0,0,0,0,0,3,0,0,0,0,0,2,0,0,0,0,49,0,7,8,0,0,95,0,41,158,43,2,4,176,1,0,0,0,0,0,11,17,6,7,21,5,0,0,0,0,0,1,0,1,0,0,0,0,0,0,0,0,0,0,0,0,0,0,0,0,0,0,0,0,0,0
Zotu98,0,0,1,1,1,4,1,0,4,0,0,0,0,0,2,5,4,11,4,3,1,7,30,0,19,9,4,2,0,6,0,0,0,0,2,0,37,70,31,172,319,22,0,2,1,4,15,7,0,10,4,1,0,1,3,0,1,0,0,0,1,1,0,6,0,0,0,0,0,0,0,0
Zotu99,0,0,0,1,3,3,1,2,3,0,0,0,0,0,5,0,0,1,1,1,0,0,38,0,12,8,5,0,0,4,0,0,0,0,0,0,28,54,22,127,199,30,2,0,5,2,2,4,1,7,2,0,0,1,0,0,0,0,0,0,1,4,0,7,2,0,0,1,0,0,0,0